Amount,Vendor,Date,Category,Description
518.36,"TechCorp Solutions",2025-06-17,"Office Supplies","Office Supplies purchase from TechCorp Solutions"
283.47,"Elite Consulting",2024-12-14,"Professional Services","Professional Services purchase from Elite Consulting"
5227.09,"Professional Services LLC",2024-11-04,"Equipment","Equipment purchase from Professional Services LLC"
212.50,"Metro Transit",2025-08-25,"Office Supplies","Office Supplies purchase from Metro Transit"
8815.92,"QuickMart",2025-12-10,"Equipment","Equipment purchase from QuickMart"
638.63,"Premier Catering",2024-06-07,"Software","Software purchase from Premier Catering"
4660.50,"Professional Services LLC",2025-01-23,"Transportation","Transportation purchase from Professional Services LLC"
47.14,"Metro Transit",2024-11-11,"Transportation","Transportation purchase from Metro Transit"
14.27,"ABC Corporation",2024-08-12,"Software","Software purchase from ABC Corporation"
610.06,"Quality Supplies",2025-06-11,"Transportation","Transportation purchase from Quality Supplies"
25.43,"TechCorp Solutions",2024-10-24,"Consulting","Consulting purchase from TechCorp Solutions"
49.42,"Metro Transit",2024-06-14,"Professional Services","Professional Services purchase from Metro Transit"
2493.53,"Office Depot",2025-07-07,"Meals","Meals purchase from Office Depot"
10.31,"City Utilities",2025-04-26,"Travel","Travel purchase from City Utilities"
464.66,"Corporate Travel",2024-07-01,"Maintenance","Maintenance purchase from Corporate Travel"
6065.53,"Global Supplies Inc",2024-02-09,"Utilities","Utilities purchase from Global Supplies Inc"
15.18,"XYZ Industries",2025-01-15,"Software","Software purchase from XYZ Industries"
130.21,"Elite Consulting",2025-07-14,"Equipment","Equipment purchase from Elite Consulting"
196.46,"QuickMart",2024-09-12,"Office Supplies","Office Supplies purchase from QuickMart"
336.80,"Express Delivery",2024-10-12,"Consulting","Consulting purchase from Express Delivery"
374.05,"ABC Corporation",2025-10-26,"Consulting","Consulting purchase from ABC Corporation"
2823.12,"Quality Supplies",2024-09-26,"Transportation","Transportation purchase from Quality Supplies"
4582.52,"Elite Consulting",2024-08-19,"Transportation","Transportation purchase from Elite Consulting"
716.57,"XYZ Industries",2025-07-09,"Software","Software purchase from XYZ Industries"
5831.92,"Corporate Travel",2024-08-08,"Meals","Meals purchase from Corporate Travel"
4413.91,"Office Depot",2024-04-22,"Utilities","Utilities purchase from Office Depot"
10.87,"XYZ Industries",2025-01-31,"Professional Services","Professional Services purchase from XYZ Industries"
16.60,"XYZ Industries",2024-10-12,"Travel","Travel purchase from XYZ Industries"
8702.48,"Corporate Travel",2025-06-02,"Consulting","Consulting purchase from Corporate Travel"
5270.06,"ABC Corporation",2024-02-06,"Maintenance","Maintenance purchase from ABC Corporation"
46628.45,"Shell Company A",2024-09-14,"Office Supplies","Office Supplies purchase from Shell Company A"
2932.10,"Professional Services LLC",2025-02-13,"Office Supplies","Office Supplies purchase from Professional Services LLC"
6001.65,"Metro Transit",2025-12-24,"Professional Services","Professional Services purchase from Metro Transit"
1877.62,"ABC Corporation",2025-09-16,"Software","Software purchase from ABC Corporation"
39.05,"QuickMart",2025-07-28,"Office Supplies","Office Supplies purchase from QuickMart"
9192.95,"Quality Supplies",2025-11-29,"Professional Services","Professional Services purchase from Quality Supplies"
109.82,"XYZ Industries",2025-06-27,"Office Supplies","Office Supplies purchase from XYZ Industries"
5558.86,"City Utilities",2024-08-25,"Software","Software purchase from City Utilities"
220.06,"Office Depot",2025-09-28,"Maintenance","Maintenance purchase from Office Depot"
8276.85,"Global Supplies Inc",2024-09-01,"Maintenance","Maintenance purchase from Global Supplies Inc"
368.64,"Global Supplies Inc",2025-05-03,"Maintenance","Maintenance purchase from Global Supplies Inc"
280.87,"Metro Transit",2024-07-14,"Consulting","Consulting purchase from Metro Transit"
142.27,"Digital Solutions",2024-07-19,"Travel","Travel purchase from Digital Solutions"
160.72,"Office Depot",2024-02-21,"Consulting","Consulting purchase from Office Depot"
108.68,"Quality Supplies",2025-07-10,"Equipment","Equipment purchase from Quality Supplies"
54.26,"Corporate Travel",2024-06-26,"Consulting","Consulting purchase from Corporate Travel"
729.42,"Quality Supplies",2025-06-25,"Professional Services","Professional Services purchase from Quality Supplies"
5946.57,"City Utilities",2024-04-06,"Utilities","Utilities purchase from City Utilities"
342.46,"Standard Equipment",2024-02-22,"Utilities","Utilities purchase from Standard Equipment"
3551.01,"QuickMart",2024-04-05,"Transportation","Transportation purchase from QuickMart"
3767.80,"ABC Corporation",2024-03-22,"Professional Services","Professional Services purchase from ABC Corporation"
4918.34,"Premier Catering",2024-07-29,"Meals","Meals purchase from Premier Catering"
2564.25,"City Utilities",2024-02-23,"Transportation","Transportation purchase from City Utilities"
4595.52,"City Utilities",2024-04-27,"Equipment","Equipment purchase from City Utilities"
616.06,"Digit Manipulation Corp",2025-08-24,"Equipment","Equipment purchase from Digit Manipulation Corp"
16.92,"Metro Transit",2024-06-30,"Professional Services","Professional Services purchase from Metro Transit"
666.57,"Global Supplies Inc",2024-12-24,"Travel","Travel purchase from Global Supplies Inc"
5012.64,"Office Depot",2024-12-05,"Transportation","Transportation purchase from Office Depot"
3169.21,"Corporate Travel",2024-09-15,"Consulting","Consulting purchase from Corporate Travel"
114.65,"Premier Catering",2024-08-25,"Travel","Travel purchase from Premier Catering"
25.98,"Quality Supplies",2024-11-30,"Maintenance","Maintenance purchase from Quality Supplies"
4784.31,"XYZ Industries",2024-12-18,"Office Supplies","Office Supplies purchase from XYZ Industries"
15.75,"Corporate Travel",2024-11-24,"Travel","Travel purchase from Corporate Travel"
1768.08,"XYZ Industries",2025-07-09,"Professional Services","Professional Services purchase from XYZ Industries"
24941.71,"Artificial Vendor Co",2025-06-10,"Travel","Travel purchase from Artificial Vendor Co"
5246.79,"QuickMart",2024-05-07,"Software","Software purchase from QuickMart"
1848.45,"Premier Catering",2024-04-28,"Transportation","Transportation purchase from Premier Catering"
142.98,"ABC Corporation",2024-12-21,"Maintenance","Maintenance purchase from ABC Corporation"
8788.43,"Digital Solutions",2024-10-28,"Travel","Travel purchase from Digital Solutions"
35.06,"ABC Corporation",2025-04-21,"Transportation","Transportation purchase from ABC Corporation"
79.02,"XYZ Industries",2025-02-10,"Maintenance","Maintenance purchase from XYZ Industries"
10.89,"Elite Consulting",2024-08-31,"Office Supplies","Office Supplies purchase from Elite Consulting"
706.38,"Standard Equipment",2025-07-13,"Consulting","Consulting purchase from Standard Equipment"
11.40,"Metro Transit",2025-02-07,"Travel","Travel purchase from Metro Transit"
59.28,"Professional Services LLC",2025-03-11,"Travel","Travel purchase from Professional Services LLC"
539.64,"Express Delivery",2026-01-23,"Software","Software purchase from Express Delivery"
9103.09,"Premier Catering",2025-10-25,"Office Supplies","Office Supplies purchase from Premier Catering"
2235.71,"Corporate Travel",2024-04-28,"Equipment","Equipment purchase from Corporate Travel"
42.19,"Global Supplies Inc",2025-12-14,"Utilities","Utilities purchase from Global Supplies Inc"
2130.48,"Global Supplies Inc",2025-02-08,"Transportation","Transportation purchase from Global Supplies Inc"
175.42,"Quality Supplies",2025-08-31,"Software","Software purchase from Quality Supplies"
865.95,"Digital Solutions",2025-08-26,"Office Supplies","Office Supplies purchase from Digital Solutions"
74.78,"Premier Catering",2025-09-15,"Office Supplies","Office Supplies purchase from Premier Catering"
250.50,"Quality Supplies",2024-11-17,"Transportation","Transportation purchase from Quality Supplies"
19.19,"Elite Consulting",2025-02-15,"Equipment","Equipment purchase from Elite Consulting"
7706.81,"ABC Corporation",2025-04-18,"Meals","Meals purchase from ABC Corporation"
498.77,"Global Supplies Inc",2026-01-14,"Utilities","Utilities purchase from Global Supplies Inc"
9734.81,"Express Delivery",2025-03-27,"Transportation","Transportation purchase from Express Delivery"
378.45,"City Utilities",2024-06-04,"Consulting","Consulting purchase from City Utilities"
911.79,"Digital Solutions",2024-07-22,"Meals","Meals purchase from Digital Solutions"
7747.06,"Professional Services LLC",2024-08-03,"Software","Software purchase from Professional Services LLC"
352.25,"City Utilities",2024-03-31,"Utilities","Utilities purchase from City Utilities"
40.13,"Standard Equipment",2025-08-19,"Transportation","Transportation purchase from Standard Equipment"
772.29,"Express Delivery",2026-01-16,"Utilities","Utilities purchase from Express Delivery"
23.30,"Digital Solutions",2024-04-13,"Meals","Meals purchase from Digital Solutions"
239.41,"City Utilities",2024-03-23,"Office Supplies","Office Supplies purchase from City Utilities"
371.60,"Metro Transit",2025-11-27,"Travel","Travel purchase from Metro Transit"
43.06,"XYZ Industries",2024-12-05,"Office Supplies","Office Supplies purchase from XYZ Industries"
3443.98,"City Utilities",2025-03-07,"Equipment","Equipment purchase from City Utilities"
1443.95,"ABC Corporation",2024-05-10,"Office Supplies","Office Supplies purchase from ABC Corporation"
617.17,"Quality Supplies",2024-02-17,"Office Supplies","Office Supplies purchase from Quality Supplies"
67.83,"Office Depot",2025-06-15,"Travel","Travel purchase from Office Depot"
57.27,"QuickMart",2024-11-27,"Professional Services","Professional Services purchase from QuickMart"
32.21,"ABC Corporation",2024-02-15,"Consulting","Consulting purchase from ABC Corporation"
104.19,"Digital Solutions",2024-09-08,"Office Supplies","Office Supplies purchase from Digital Solutions"
258.67,"Premier Catering",2024-06-14,"Consulting","Consulting purchase from Premier Catering"
649.13,"Office Depot",2025-04-10,"Consulting","Consulting purchase from Office Depot"
38.60,"Standard Equipment",2025-10-12,"Professional Services","Professional Services purchase from Standard Equipment"
363.32,"XYZ Industries",2025-06-07,"Meals","Meals purchase from XYZ Industries"
38.42,"Professional Services LLC",2025-03-31,"Transportation","Transportation purchase from Professional Services LLC"
5654.23,"ABC Corporation",2024-02-03,"Office Supplies","Office Supplies purchase from ABC Corporation"
1044.04,"XYZ Industries",2024-08-16,"Software","Software purchase from XYZ Industries"
3404.35,"Professional Services LLC",2025-11-10,"Travel","Travel purchase from Professional Services LLC"
104.53,"Express Delivery",2025-05-25,"Equipment","Equipment purchase from Express Delivery"
74.85,"QuickMart",2024-05-05,"Utilities","Utilities purchase from QuickMart"
12.47,"Professional Services LLC",2024-05-31,"Utilities","Utilities purchase from Professional Services LLC"
349.95,"Digital Solutions",2024-02-16,"Transportation","Transportation purchase from Digital Solutions"
2901.76,"Office Depot",2025-06-10,"Equipment","Equipment purchase from Office Depot"
25000.00,"Fraudulent Patterns Inc",2026-01-21,"Professional Services","Professional Services purchase from Fraudulent Patterns Inc"
14.18,"Express Delivery",2024-05-21,"Travel","Travel purchase from Express Delivery"
303.95,"QuickMart",2024-11-25,"Professional Services","Professional Services purchase from QuickMart"
572.81,"Metro Transit",2024-09-28,"Software","Software purchase from Metro Transit"
5000.00,"Fraudulent Patterns Inc",2024-11-25,"Maintenance","Maintenance purchase from Fraudulent Patterns Inc"
14.12,"Standard Equipment",2026-01-12,"Maintenance","Maintenance purchase from Standard Equipment"
929.73,"TechCorp Solutions",2024-06-17,"Transportation","Transportation purchase from TechCorp Solutions"
71.61,"City Utilities",2024-09-03,"Meals","Meals purchase from City Utilities"
18.51,"Quality Supplies",2025-05-01,"Maintenance","Maintenance purchase from Quality Supplies"
1413.50,"Office Depot",2025-03-08,"Travel","Travel purchase from Office Depot"
19.36,"Quality Supplies",2024-11-16,"Professional Services","Professional Services purchase from Quality Supplies"
427.13,"Quality Supplies",2025-04-18,"Equipment","Equipment purchase from Quality Supplies"
16.34,"City Utilities",2024-03-04,"Professional Services","Professional Services purchase from City Utilities"
59.24,"ABC Corporation",2024-11-17,"Transportation","Transportation purchase from ABC Corporation"
8224.90,"Professional Services LLC",2024-09-26,"Equipment","Equipment purchase from Professional Services LLC"
8243.33,"TechCorp Solutions",2025-08-18,"Maintenance","Maintenance purchase from TechCorp Solutions"
30000.00,"Shell Company A",2024-10-26,"Office Supplies","Office Supplies purchase from Shell Company A"
10.14,"Elite Consulting",2025-01-07,"Consulting","Consulting purchase from Elite Consulting"
90.16,"XYZ Industries",2024-02-05,"Professional Services","Professional Services purchase from XYZ Industries"
3314.08,"Corporate Travel",2025-10-28,"Professional Services","Professional Services purchase from Corporate Travel"
882.37,"Metro Transit",2024-09-15,"Consulting","Consulting purchase from Metro Transit"
293.83,"Metro Transit",2025-02-28,"Professional Services","Professional Services purchase from Metro Transit"
57.83,"Express Delivery",2025-09-22,"Maintenance","Maintenance purchase from Express Delivery"
2555.68,"QuickMart",2024-12-19,"Meals","Meals purchase from QuickMart"
217.56,"Express Delivery",2025-03-17,"Professional Services","Professional Services purchase from Express Delivery"
95.51,"XYZ Industries",2024-03-07,"Professional Services","Professional Services purchase from XYZ Industries"
194.55,"Premier Catering",2024-12-31,"Maintenance","Maintenance purchase from Premier Catering"
35.30,"Global Supplies Inc",2024-10-20,"Transportation","Transportation purchase from Global Supplies Inc"
2752.05,"ABC Corporation",2024-04-23,"Utilities","Utilities purchase from ABC Corporation"
13.86,"Global Supplies Inc",2025-06-17,"Consulting","Consulting purchase from Global Supplies Inc"
8592.93,"Professional Services LLC",2025-09-22,"Transportation","Transportation purchase from Professional Services LLC"
34.98,"QuickMart",2025-06-03,"Office Supplies","Office Supplies purchase from QuickMart"
262.40,"Global Supplies Inc",2025-02-14,"Office Supplies","Office Supplies purchase from Global Supplies Inc"
1046.60,"Digital Solutions",2025-09-21,"Professional Services","Professional Services purchase from Digital Solutions"
2503.28,"Quality Supplies",2024-06-15,"Professional Services","Professional Services purchase from Quality Supplies"
194.21,"ABC Corporation",2025-11-23,"Consulting","Consulting purchase from ABC Corporation"
854.19,"Global Supplies Inc",2024-03-31,"Consulting","Consulting purchase from Global Supplies Inc"
546.12,"Office Depot",2024-12-30,"Equipment","Equipment purchase from Office Depot"
18.62,"Global Supplies Inc",2024-11-24,"Transportation","Transportation purchase from Global Supplies Inc"
70.49,"Premier Catering",2025-12-21,"Meals","Meals purchase from Premier Catering"
33.00,"Corporate Travel",2024-08-20,"Consulting","Consulting purchase from Corporate Travel"
8390.28,"City Utilities",2024-04-04,"Consulting","Consulting purchase from City Utilities"
337.36,"Digital Solutions",2025-11-04,"Meals","Meals purchase from Digital Solutions"
307.42,"Standard Equipment",2025-08-13,"Utilities","Utilities purchase from Standard Equipment"
396.09,"Digital Solutions",2025-12-26,"Equipment","Equipment purchase from Digital Solutions"
114.51,"Professional Services LLC",2024-11-19,"Utilities","Utilities purchase from Professional Services LLC"
505.49,"Quality Supplies",2024-08-02,"Equipment","Equipment purchase from Quality Supplies"
66.31,"Standard Equipment",2024-04-27,"Consulting","Consulting purchase from Standard Equipment"
4397.44,"XYZ Industries",2025-11-05,"Transportation","Transportation purchase from XYZ Industries"
7953.76,"Elite Consulting",2025-06-01,"Transportation","Transportation purchase from Elite Consulting"
2958.92,"Express Delivery",2025-04-01,"Meals","Meals purchase from Express Delivery"
13.68,"Digital Solutions",2024-06-12,"Professional Services","Professional Services purchase from Digital Solutions"
140.38,"ABC Corporation",2025-08-23,"Maintenance","Maintenance purchase from ABC Corporation"
16.81,"Elite Consulting",2025-07-18,"Transportation","Transportation purchase from Elite Consulting"
30000.00,"Artificial Vendor Co",2025-01-08,"Transportation","Transportation purchase from Artificial Vendor Co"
84.90,"Professional Services LLC",2024-02-18,"Software","Software purchase from Professional Services LLC"
791.52,"TechCorp Solutions",2024-08-09,"Utilities","Utilities purchase from TechCorp Solutions"
5732.36,"XYZ Industries",2024-05-16,"Consulting","Consulting purchase from XYZ Industries"
35.56,"XYZ Industries",2025-04-06,"Maintenance","Maintenance purchase from XYZ Industries"
23.30,"Corporate Travel",2025-03-25,"Travel","Travel purchase from Corporate Travel"
330.31,"Metro Transit",2025-02-23,"Travel","Travel purchase from Metro Transit"
10.98,"ABC Corporation",2025-06-25,"Transportation","Transportation purchase from ABC Corporation"
136.95,"TechCorp Solutions",2024-07-01,"Meals","Meals purchase from TechCorp Solutions"
8247.45,"Metro Transit",2024-08-12,"Software","Software purchase from Metro Transit"
468.89,"QuickMart",2024-10-14,"Consulting","Consulting purchase from QuickMart"
13.30,"Corporate Travel",2025-12-24,"Maintenance","Maintenance purchase from Corporate Travel"
23.41,"Quality Supplies",2025-10-10,"Transportation","Transportation purchase from Quality Supplies"
6689.53,"Global Supplies Inc",2025-10-10,"Utilities","Utilities purchase from Global Supplies Inc"
8139.49,"Digital Solutions",2024-09-03,"Utilities","Utilities purchase from Digital Solutions"
8745.93,"Elite Consulting",2024-07-30,"Travel","Travel purchase from Elite Consulting"
45.70,"TechCorp Solutions",2025-04-19,"Software","Software purchase from TechCorp Solutions"
1475.49,"ABC Corporation",2024-04-14,"Maintenance","Maintenance purchase from ABC Corporation"
594.41,"Quality Supplies",2024-10-03,"Equipment","Equipment purchase from Quality Supplies"
538.84,"Corporate Travel",2024-10-02,"Travel","Travel purchase from Corporate Travel"
52.71,"Express Delivery",2025-08-18,"Office Supplies","Office Supplies purchase from Express Delivery"
5443.98,"Express Delivery",2024-08-03,"Transportation","Transportation purchase from Express Delivery"
2631.31,"Professional Services LLC",2025-08-31,"Meals","Meals purchase from Professional Services LLC"
23.70,"Metro Transit",2025-06-10,"Office Supplies","Office Supplies purchase from Metro Transit"
3944.21,"Professional Services LLC",2025-07-21,"Professional Services","Professional Services purchase from Professional Services LLC"
3594.58,"QuickMart",2025-02-03,"Maintenance","Maintenance purchase from QuickMart"
50.04,"QuickMart",2026-01-19,"Consulting","Consulting purchase from QuickMart"
3325.24,"Metro Transit",2025-12-07,"Equipment","Equipment purchase from Metro Transit"
9617.71,"Corporate Travel",2024-07-25,"Meals","Meals purchase from Corporate Travel"
497.54,"Standard Equipment",2024-09-17,"Software","Software purchase from Standard Equipment"
2309.27,"Metro Transit",2024-02-06,"Utilities","Utilities purchase from Metro Transit"
192.44,"ABC Corporation",2025-02-26,"Meals","Meals purchase from ABC Corporation"
3265.60,"TechCorp Solutions",2025-11-10,"Maintenance","Maintenance purchase from TechCorp Solutions"
17.20,"Standard Equipment",2024-10-07,"Transportation","Transportation purchase from Standard Equipment"
1597.81,"Professional Services LLC",2024-05-16,"Maintenance","Maintenance purchase from Professional Services LLC"
184.82,"Elite Consulting",2025-05-09,"Meals","Meals purchase from Elite Consulting"
27.72,"Professional Services LLC",2025-02-28,"Professional Services","Professional Services purchase from Professional Services LLC"
35.84,"QuickMart",2025-07-04,"Travel","Travel purchase from QuickMart"
724.47,"Metro Transit",2026-01-17,"Transportation","Transportation purchase from Metro Transit"
46.52,"Express Delivery",2025-01-04,"Software","Software purchase from Express Delivery"
15.14,"Quality Supplies",2024-09-21,"Utilities","Utilities purchase from Quality Supplies"
6074.24,"Standard Equipment",2025-02-23,"Maintenance","Maintenance purchase from Standard Equipment"
320.29,"City Utilities",2025-12-06,"Maintenance","Maintenance purchase from City Utilities"
467.40,"Global Supplies Inc",2024-10-20,"Utilities","Utilities purchase from Global Supplies Inc"
56.16,"Premier Catering",2025-01-11,"Transportation","Transportation purchase from Premier Catering"
1407.77,"Express Delivery",2025-06-08,"Transportation","Transportation purchase from Express Delivery"
7686.99,"Metro Transit",2025-05-26,"Travel","Travel purchase from Metro Transit"
2994.56,"Metro Transit",2024-08-29,"Utilities","Utilities purchase from Metro Transit"
15.16,"Express Delivery",2024-12-12,"Equipment","Equipment purchase from Express Delivery"
458.78,"Premier Catering",2024-06-16,"Consulting","Consulting purchase from Premier Catering"
3604.86,"Standard Equipment",2024-03-10,"Transportation","Transportation purchase from Standard Equipment"
71.51,"Metro Transit",2024-04-14,"Transportation","Transportation purchase from Metro Transit"
7937.22,"City Utilities",2025-12-06,"Office Supplies","Office Supplies purchase from City Utilities"
2091.00,"Express Delivery",2025-02-10,"Office Supplies","Office Supplies purchase from Express Delivery"
7439.54,"XYZ Industries",2024-02-13,"Consulting","Consulting purchase from XYZ Industries"
149.56,"Express Delivery",2025-03-08,"Meals","Meals purchase from Express Delivery"
988.02,"Quality Supplies",2024-11-17,"Transportation","Transportation purchase from Quality Supplies"
12.98,"Metro Transit",2024-08-03,"Office Supplies","Office Supplies purchase from Metro Transit"
363.32,"Professional Services LLC",2024-03-08,"Equipment","Equipment purchase from Professional Services LLC"
1952.12,"ABC Corporation",2024-10-17,"Software","Software purchase from ABC Corporation"
18.57,"Digital Solutions",2024-08-18,"Travel","Travel purchase from Digital Solutions"
1245.38,"TechCorp Solutions",2025-10-31,"Transportation","Transportation purchase from TechCorp Solutions"
1720.10,"Premier Catering",2024-10-09,"Meals","Meals purchase from Premier Catering"
7936.93,"Premier Catering",2024-11-02,"Utilities","Utilities purchase from Premier Catering"
5930.60,"Global Supplies Inc",2024-08-12,"Equipment","Equipment purchase from Global Supplies Inc"
26.95,"Professional Services LLC",2024-08-15,"Equipment","Equipment purchase from Professional Services LLC"
12.37,"Elite Consulting",2024-09-02,"Transportation","Transportation purchase from Elite Consulting"
17.41,"Global Supplies Inc",2024-05-18,"Office Supplies","Office Supplies purchase from Global Supplies Inc"
19.46,"Office Depot",2024-03-28,"Equipment","Equipment purchase from Office Depot"
7800.03,"City Utilities",2024-12-23,"Utilities","Utilities purchase from City Utilities"
7931.72,"Corporate Travel",2025-12-26,"Transportation","Transportation purchase from Corporate Travel"
2152.76,"Corporate Travel",2025-08-13,"Office Supplies","Office Supplies purchase from Corporate Travel"
38.11,"Office Depot",2025-07-01,"Meals","Meals purchase from Office Depot"
197.21,"Premier Catering",2024-06-07,"Equipment","Equipment purchase from Premier Catering"
71.81,"XYZ Industries",2025-07-02,"Equipment","Equipment purchase from XYZ Industries"
3039.65,"Digital Solutions",2024-02-17,"Travel","Travel purchase from Digital Solutions"
77.14,"Elite Consulting",2025-09-17,"Office Supplies","Office Supplies purchase from Elite Consulting"
56.62,"Corporate Travel",2024-09-01,"Utilities","Utilities purchase from Corporate Travel"
4495.51,"Corporate Travel",2025-05-12,"Travel","Travel purchase from Corporate Travel"
630.82,"Global Supplies Inc",2024-09-11,"Professional Services","Professional Services purchase from Global Supplies Inc"
2075.92,"QuickMart",2024-12-02,"Meals","Meals purchase from QuickMart"
8967.21,"TechCorp Solutions",2025-04-22,"Professional Services","Professional Services purchase from TechCorp Solutions"
11.72,"Express Delivery",2024-03-27,"Professional Services","Professional Services purchase from Express Delivery"
2374.46,"Elite Consulting",2026-01-09,"Utilities","Utilities purchase from Elite Consulting"
11.42,"XYZ Industries",2024-07-25,"Equipment","Equipment purchase from XYZ Industries"
286.35,"Digital Solutions",2025-10-18,"Transportation","Transportation purchase from Digital Solutions"
48.50,"ABC Corporation",2025-09-27,"Travel","Travel purchase from ABC Corporation"
1047.59,"QuickMart",2025-05-18,"Transportation","Transportation purchase from QuickMart"
67.85,"Elite Consulting",2025-02-06,"Meals","Meals purchase from Elite Consulting"
755.97,"Metro Transit",2025-07-25,"Utilities","Utilities purchase from Metro Transit"
72.20,"Metro Transit",2024-04-22,"Professional Services","Professional Services purchase from Metro Transit"
818.15,"Global Supplies Inc",2024-11-17,"Software","Software purchase from Global Supplies Inc"
862.66,"TechCorp Solutions",2024-04-14,"Consulting","Consulting purchase from TechCorp Solutions"
26.14,"Elite Consulting",2024-12-23,"Office Supplies","Office Supplies purchase from Elite Consulting"
936.81,"Professional Services LLC",2024-11-07,"Utilities","Utilities purchase from Professional Services LLC"
150.61,"Standard Equipment",2025-04-08,"Professional Services","Professional Services purchase from Standard Equipment"
166.94,"Metro Transit",2025-05-27,"Software","Software purchase from Metro Transit"
1176.78,"Premier Catering",2025-09-23,"Equipment","Equipment purchase from Premier Catering"
7541.25,"ABC Corporation",2024-12-29,"Professional Services","Professional Services purchase from ABC Corporation"
4408.58,"Metro Transit",2024-05-31,"Office Supplies","Office Supplies purchase from Metro Transit"
88.74,"QuickMart",2024-12-24,"Transportation","Transportation purchase from QuickMart"
4158.94,"City Utilities",2025-01-14,"Maintenance","Maintenance purchase from City Utilities"
5603.33,"Express Delivery",2025-07-09,"Professional Services","Professional Services purchase from Express Delivery"
99.91,"Metro Transit",2025-09-01,"Office Supplies","Office Supplies purchase from Metro Transit"
36.76,"Corporate Travel",2024-02-26,"Transportation","Transportation purchase from Corporate Travel"
1325.57,"Elite Consulting",2024-11-03,"Utilities","Utilities purchase from Elite Consulting"
73.80,"Global Supplies Inc",2024-06-27,"Meals","Meals purchase from Global Supplies Inc"
2756.24,"Premier Catering",2025-08-18,"Maintenance","Maintenance purchase from Premier Catering"
28.65,"Metro Transit",2025-02-14,"Transportation","Transportation purchase from Metro Transit"
471.84,"Office Depot",2025-04-10,"Utilities","Utilities purchase from Office Depot"
9533.53,"QuickMart",2025-10-26,"Transportation","Transportation purchase from QuickMart"
932.76,"Standard Equipment",2025-03-13,"Utilities","Utilities purchase from Standard Equipment"
94.55,"Global Supplies Inc",2025-12-03,"Consulting","Consulting purchase from Global Supplies Inc"
6913.55,"QuickMart",2025-04-09,"Maintenance","Maintenance purchase from QuickMart"
37.07,"Premier Catering",2024-08-01,"Meals","Meals purchase from Premier Catering"
46.56,"Digital Solutions",2024-10-27,"Software","Software purchase from Digital Solutions"
822.88,"Metro Transit",2024-11-20,"Meals","Meals purchase from Metro Transit"
254.81,"Corporate Travel",2024-02-28,"Transportation","Transportation purchase from Corporate Travel"
854.38,"XYZ Industries",2025-05-18,"Meals","Meals purchase from XYZ Industries"
36.81,"Metro Transit",2025-08-08,"Consulting","Consulting purchase from Metro Transit"
1235.49,"XYZ Industries",2025-07-23,"Meals","Meals purchase from XYZ Industries"
573.61,"Metro Transit",2026-01-05,"Consulting","Consulting purchase from Metro Transit"
1614.43,"Express Delivery",2024-12-07,"Consulting","Consulting purchase from Express Delivery"
424.43,"Global Supplies Inc",2025-03-23,"Consulting","Consulting purchase from Global Supplies Inc"
143.03,"QuickMart",2024-06-28,"Office Supplies","Office Supplies purchase from QuickMart"
1354.00,"Office Depot",2024-02-15,"Equipment","Equipment purchase from Office Depot"
232.51,"Quality Supplies",2025-06-10,"Travel","Travel purchase from Quality Supplies"
2147.34,"Metro Transit",2025-07-29,"Meals","Meals purchase from Metro Transit"
16.01,"Premier Catering",2025-05-03,"Office Supplies","Office Supplies purchase from Premier Catering"
6428.20,"Express Delivery",2024-10-12,"Professional Services","Professional Services purchase from Express Delivery"
55.37,"XYZ Industries",2025-12-14,"Equipment","Equipment purchase from XYZ Industries"
284.54,"ABC Corporation",2025-07-06,"Equipment","Equipment purchase from ABC Corporation"
458.78,"ABC Corporation",2025-12-03,"Consulting","Consulting purchase from ABC Corporation"
656.13,"XYZ Industries",2024-08-06,"Travel","Travel purchase from XYZ Industries"
35.61,"Office Depot",2025-11-04,"Consulting","Consulting purchase from Office Depot"
290.63,"Express Delivery",2026-01-04,"Utilities","Utilities purchase from Express Delivery"
554.08,"Global Supplies Inc",2024-02-27,"Travel","Travel purchase from Global Supplies Inc"
1075.87,"Express Delivery",2025-01-25,"Office Supplies","Office Supplies purchase from Express Delivery"
54.60,"TechCorp Solutions",2024-08-11,"Travel","Travel purchase from TechCorp Solutions"
77.07,"Standard Equipment",2024-10-18,"Travel","Travel purchase from Standard Equipment"
149.77,"City Utilities",2025-01-16,"Professional Services","Professional Services purchase from City Utilities"
176.45,"Corporate Travel",2025-12-07,"Meals","Meals purchase from Corporate Travel"
20.48,"City Utilities",2024-05-22,"Travel","Travel purchase from City Utilities"
1567.33,"City Utilities",2025-07-11,"Software","Software purchase from City Utilities"
178.14,"TechCorp Solutions",2024-06-17,"Equipment","Equipment purchase from TechCorp Solutions"
1351.18,"Premier Catering",2025-12-25,"Maintenance","Maintenance purchase from Premier Catering"
189.13,"ABC Corporation",2024-10-06,"Maintenance","Maintenance purchase from ABC Corporation"
45.49,"Quality Supplies",2025-06-09,"Consulting","Consulting purchase from Quality Supplies"
7524.94,"XYZ Industries",2024-07-05,"Maintenance","Maintenance purchase from XYZ Industries"
1314.92,"City Utilities",2025-04-05,"Utilities","Utilities purchase from City Utilities"
123.30,"Office Depot",2024-08-09,"Consulting","Consulting purchase from Office Depot"
5442.60,"QuickMart",2025-07-30,"Equipment","Equipment purchase from QuickMart"
375.94,"Professional Services LLC",2024-02-25,"Maintenance","Maintenance purchase from Professional Services LLC"
1647.25,"QuickMart",2026-01-20,"Equipment","Equipment purchase from QuickMart"
414.33,"Express Delivery",2024-10-09,"Professional Services","Professional Services purchase from Express Delivery"
1492.77,"Premier Catering",2024-06-14,"Maintenance","Maintenance purchase from Premier Catering"
6129.34,"Express Delivery",2025-12-24,"Office Supplies","Office Supplies purchase from Express Delivery"
17.19,"QuickMart",2025-11-27,"Meals","Meals purchase from QuickMart"
2694.24,"Metro Transit",2024-06-28,"Software","Software purchase from Metro Transit"
2637.30,"ABC Corporation",2024-05-29,"Maintenance","Maintenance purchase from ABC Corporation"
427.63,"Standard Equipment",2026-01-28,"Office Supplies","Office Supplies purchase from Standard Equipment"
672.06,"Elite Consulting",2025-11-26,"Equipment","Equipment purchase from Elite Consulting"
117.58,"Office Depot",2024-09-23,"Consulting","Consulting purchase from Office Depot"
69.37,"TechCorp Solutions",2024-08-07,"Consulting","Consulting purchase from TechCorp Solutions"
10.25,"Elite Consulting",2025-11-15,"Utilities","Utilities purchase from Elite Consulting"
4874.31,"ABC Corporation",2024-11-15,"Consulting","Consulting purchase from ABC Corporation"
392.23,"Quality Supplies",2024-08-31,"Travel","Travel purchase from Quality Supplies"
900.44,"Quality Supplies",2024-07-08,"Consulting","Consulting purchase from Quality Supplies"
17.58,"Elite Consulting",2024-12-05,"Maintenance","Maintenance purchase from Elite Consulting"
33.16,"Express Delivery",2025-03-17,"Software","Software purchase from Express Delivery"
1031.74,"Standard Equipment",2025-07-03,"Meals","Meals purchase from Standard Equipment"
33.12,"Metro Transit",2024-03-06,"Software","Software purchase from Metro Transit"
900.60,"Office Depot",2024-03-14,"Consulting","Consulting purchase from Office Depot"
301.69,"Elite Consulting",2025-07-11,"Office Supplies","Office Supplies purchase from Elite Consulting"
64.50,"Premier Catering",2025-10-30,"Meals","Meals purchase from Premier Catering"
49.22,"City Utilities",2024-06-22,"Software","Software purchase from City Utilities"
56.32,"Professional Services LLC",2024-08-25,"Transportation","Transportation purchase from Professional Services LLC"
380.74,"ABC Corporation",2025-06-17,"Maintenance","Maintenance purchase from ABC Corporation"
41.81,"ABC Corporation",2025-01-27,"Travel","Travel purchase from ABC Corporation"
509.26,"Corporate Travel",2024-04-25,"Travel","Travel purchase from Corporate Travel"
77.66,"Quality Supplies",2024-06-13,"Equipment","Equipment purchase from Quality Supplies"
43.46,"Metro Transit",2025-11-27,"Utilities","Utilities purchase from Metro Transit"
6821.19,"Corporate Travel",2025-11-28,"Consulting","Consulting purchase from Corporate Travel"
815.14,"ABC Corporation",2025-08-27,"Consulting","Consulting purchase from ABC Corporation"
4509.38,"Premier Catering",2025-07-18,"Professional Services","Professional Services purchase from Premier Catering"
136.17,"ABC Corporation",2024-03-19,"Utilities","Utilities purchase from ABC Corporation"
38.76,"XYZ Industries",2025-07-05,"Meals","Meals purchase from XYZ Industries"
11.38,"City Utilities",2024-02-08,"Travel","Travel purchase from City Utilities"
3225.49,"Elite Consulting",2024-04-02,"Software","Software purchase from Elite Consulting"
704.88,"Global Supplies Inc",2024-12-09,"Equipment","Equipment purchase from Global Supplies Inc"
23.18,"TechCorp Solutions",2025-03-06,"Software","Software purchase from TechCorp Solutions"
2808.29,"Office Depot",2024-03-11,"Consulting","Consulting purchase from Office Depot"
428.12,"TechCorp Solutions",2024-05-29,"Office Supplies","Office Supplies purchase from TechCorp Solutions"
609.04,"City Utilities",2024-12-22,"Transportation","Transportation purchase from City Utilities"
52.47,"QuickMart",2025-03-12,"Office Supplies","Office Supplies purchase from QuickMart"
144.48,"Global Supplies Inc",2025-01-31,"Maintenance","Maintenance purchase from Global Supplies Inc"
1808.33,"City Utilities",2024-03-07,"Utilities","Utilities purchase from City Utilities"
11.09,"City Utilities",2025-07-28,"Software","Software purchase from City Utilities"
12.70,"Professional Services LLC",2025-07-12,"Travel","Travel purchase from Professional Services LLC"
18.69,"TechCorp Solutions",2025-08-31,"Software","Software purchase from TechCorp Solutions"
281.22,"Digital Solutions",2024-08-10,"Office Supplies","Office Supplies purchase from Digital Solutions"
24.43,"City Utilities",2024-08-07,"Equipment","Equipment purchase from City Utilities"
16.73,"XYZ Industries",2025-12-01,"Utilities","Utilities purchase from XYZ Industries"
26.91,"City Utilities",2024-04-10,"Maintenance","Maintenance purchase from City Utilities"
1364.33,"Professional Services LLC",2024-03-10,"Software","Software purchase from Professional Services LLC"
77.96,"Elite Consulting",2024-10-23,"Meals","Meals purchase from Elite Consulting"
1682.53,"Standard Equipment",2024-07-07,"Transportation","Transportation purchase from Standard Equipment"
3730.03,"ABC Corporation",2025-03-20,"Software","Software purchase from ABC Corporation"
10.94,"City Utilities",2024-06-07,"Transportation","Transportation purchase from City Utilities"
14.89,"Digital Solutions",2025-01-22,"Utilities","Utilities purchase from Digital Solutions"
347.82,"Global Supplies Inc",2025-11-08,"Consulting","Consulting purchase from Global Supplies Inc"
15.93,"Professional Services LLC",2025-08-10,"Equipment","Equipment purchase from Professional Services LLC"
5612.67,"City Utilities",2025-12-18,"Utilities","Utilities purchase from City Utilities"
75.33,"Global Supplies Inc",2025-11-23,"Consulting","Consulting purchase from Global Supplies Inc"
1057.70,"Professional Services LLC",2024-02-01,"Utilities","Utilities purchase from Professional Services LLC"
54.15,"Express Delivery",2024-09-30,"Utilities","Utilities purchase from Express Delivery"
4931.12,"Digital Solutions",2024-02-14,"Consulting","Consulting purchase from Digital Solutions"
24.75,"QuickMart",2024-11-04,"Travel","Travel purchase from QuickMart"
411.79,"Premier Catering",2025-01-23,"Consulting","Consulting purchase from Premier Catering"
1924.69,"ABC Corporation",2024-11-08,"Software","Software purchase from ABC Corporation"
2602.68,"Standard Equipment",2024-04-12,"Office Supplies","Office Supplies purchase from Standard Equipment"
66.22,"Standard Equipment",2025-04-21,"Utilities","Utilities purchase from Standard Equipment"
379.33,"Global Supplies Inc",2024-06-18,"Utilities","Utilities purchase from Global Supplies Inc"
1961.70,"Professional Services LLC",2024-12-27,"Maintenance","Maintenance purchase from Professional Services LLC"
216.22,"Metro Transit",2025-07-05,"Maintenance","Maintenance purchase from Metro Transit"
699.56,"Corporate Travel",2024-04-29,"Consulting","Consulting purchase from Corporate Travel"
730.70,"XYZ Industries",2024-06-03,"Maintenance","Maintenance purchase from XYZ Industries"
30.97,"Metro Transit",2025-01-21,"Travel","Travel purchase from Metro Transit"
88.76,"Elite Consulting",2025-04-15,"Equipment","Equipment purchase from Elite Consulting"
16.08,"City Utilities",2025-02-13,"Maintenance","Maintenance purchase from City Utilities"
10.98,"Express Delivery",2025-01-06,"Transportation","Transportation purchase from Express Delivery"
46.79,"QuickMart",2024-03-18,"Consulting","Consulting purchase from QuickMart"
208.05,"Office Depot",2025-08-03,"Utilities","Utilities purchase from Office Depot"
591.17,"QuickMart",2025-06-11,"Office Supplies","Office Supplies purchase from QuickMart"
577.94,"Standard Equipment",2024-11-09,"Transportation","Transportation purchase from Standard Equipment"
326.88,"Metro Transit",2025-09-11,"Software","Software purchase from Metro Transit"
172.05,"Express Delivery",2025-06-08,"Meals","Meals purchase from Express Delivery"
329.75,"Standard Equipment",2024-05-02,"Utilities","Utilities purchase from Standard Equipment"
4704.23,"City Utilities",2025-07-03,"Equipment","Equipment purchase from City Utilities"
671.33,"Express Delivery",2025-01-29,"Maintenance","Maintenance purchase from Express Delivery"
200.33,"TechCorp Solutions",2024-10-13,"Office Supplies","Office Supplies purchase from TechCorp Solutions"
165.39,"Quality Supplies",2025-01-15,"Meals","Meals purchase from Quality Supplies"
600.94,"Express Delivery",2025-08-24,"Meals","Meals purchase from Express Delivery"
8618.40,"QuickMart",2025-06-16,"Transportation","Transportation purchase from QuickMart"
63.22,"Office Depot",2026-01-23,"Office Supplies","Office Supplies purchase from Office Depot"
299.13,"TechCorp Solutions",2025-05-19,"Utilities","Utilities purchase from TechCorp Solutions"
83.17,"Quality Supplies",2026-01-03,"Maintenance","Maintenance purchase from Quality Supplies"
185.88,"Professional Services LLC",2024-12-12,"Utilities","Utilities purchase from Professional Services LLC"
2044.46,"Elite Consulting",2024-12-16,"Software","Software purchase from Elite Consulting"
51.05,"Office Depot",2025-03-30,"Office Supplies","Office Supplies purchase from Office Depot"
113.66,"XYZ Industries",2024-06-20,"Transportation","Transportation purchase from XYZ Industries"
5359.90,"Express Delivery",2025-10-13,"Consulting","Consulting purchase from Express Delivery"
5348.15,"Digital Solutions",2025-04-12,"Consulting","Consulting purchase from Digital Solutions"
193.53,"Premier Catering",2024-02-07,"Consulting","Consulting purchase from Premier Catering"
232.00,"Professional Services LLC",2025-12-21,"Office Supplies","Office Supplies purchase from Professional Services LLC"
580.91,"Corporate Travel",2025-02-14,"Consulting","Consulting purchase from Corporate Travel"
561.45,"Premier Catering",2024-07-12,"Software","Software purchase from Premier Catering"
12.04,"XYZ Industries",2025-08-12,"Transportation","Transportation purchase from XYZ Industries"
291.32,"Metro Transit",2026-01-19,"Equipment","Equipment purchase from Metro Transit"
333.45,"ABC Corporation",2025-07-10,"Office Supplies","Office Supplies purchase from ABC Corporation"
45.56,"Quality Supplies",2025-01-13,"Equipment","Equipment purchase from Quality Supplies"
59.00,"Metro Transit",2025-03-03,"Maintenance","Maintenance purchase from Metro Transit"
32.69,"Premier Catering",2025-11-11,"Office Supplies","Office Supplies purchase from Premier Catering"
13.00,"Premier Catering",2025-10-19,"Software","Software purchase from Premier Catering"
74.89,"Corporate Travel",2024-08-11,"Transportation","Transportation purchase from Corporate Travel"
50.22,"Digital Solutions",2025-04-28,"Transportation","Transportation purchase from Digital Solutions"
55.03,"City Utilities",2025-08-11,"Transportation","Transportation purchase from City Utilities"
331.92,"ABC Corporation",2025-09-07,"Meals","Meals purchase from ABC Corporation"
82.78,"QuickMart",2025-04-21,"Transportation","Transportation purchase from QuickMart"
498.11,"Express Delivery",2025-07-28,"Professional Services","Professional Services purchase from Express Delivery"
695.71,"QuickMart",2024-02-01,"Transportation","Transportation purchase from QuickMart"
1792.34,"QuickMart",2024-10-26,"Equipment","Equipment purchase from QuickMart"
159.82,"Express Delivery",2024-08-12,"Meals","Meals purchase from Express Delivery"
35.41,"QuickMart",2025-01-16,"Transportation","Transportation purchase from QuickMart"
2896.69,"Quality Supplies",2026-01-28,"Office Supplies","Office Supplies purchase from Quality Supplies"
763.97,"Standard Equipment",2024-07-13,"Equipment","Equipment purchase from Standard Equipment"
763.19,"Global Supplies Inc",2025-11-24,"Transportation","Transportation purchase from Global Supplies Inc"
23.12,"XYZ Industries",2024-08-04,"Meals","Meals purchase from XYZ Industries"
47.49,"Digital Solutions",2025-04-09,"Professional Services","Professional Services purchase from Digital Solutions"
6268.52,"Digital Solutions",2024-12-25,"Transportation","Transportation purchase from Digital Solutions"
2930.91,"Digital Solutions",2025-08-25,"Office Supplies","Office Supplies purchase from Digital Solutions"
9958.97,"Fraudulent Patterns Inc",2026-02-01,"Maintenance","Maintenance purchase from Fraudulent Patterns Inc"
1929.03,"Digital Solutions",2025-05-17,"Equipment","Equipment purchase from Digital Solutions"
559.11,"QuickMart",2025-11-15,"Utilities","Utilities purchase from QuickMart"
20.41,"Elite Consulting",2025-06-29,"Meals","Meals purchase from Elite Consulting"
1254.21,"Digital Solutions",2025-05-29,"Utilities","Utilities purchase from Digital Solutions"
63.36,"Office Depot",2025-09-12,"Software","Software purchase from Office Depot"
129.70,"Corporate Travel",2025-11-14,"Utilities","Utilities purchase from Corporate Travel"
403.61,"XYZ Industries",2024-12-20,"Transportation","Transportation purchase from XYZ Industries"
1703.60,"XYZ Industries",2024-02-12,"Travel","Travel purchase from XYZ Industries"
226.27,"XYZ Industries",2025-12-16,"Utilities","Utilities purchase from XYZ Industries"
65.55,"Express Delivery",2024-12-07,"Meals","Meals purchase from Express Delivery"
6601.93,"XYZ Industries",2025-06-01,"Equipment","Equipment purchase from XYZ Industries"
4607.88,"City Utilities",2024-09-02,"Software","Software purchase from City Utilities"
1926.67,"Digital Solutions",2025-08-21,"Travel","Travel purchase from Digital Solutions"
1546.41,"Professional Services LLC",2025-12-16,"Travel","Travel purchase from Professional Services LLC"
983.20,"TechCorp Solutions",2024-02-14,"Software","Software purchase from TechCorp Solutions"
42.56,"Corporate Travel",2024-08-07,"Office Supplies","Office Supplies purchase from Corporate Travel"
354.90,"Quality Supplies",2025-10-22,"Professional Services","Professional Services purchase from Quality Supplies"
735.97,"Premier Catering",2025-09-12,"Equipment","Equipment purchase from Premier Catering"
662.46,"Corporate Travel",2024-09-28,"Office Supplies","Office Supplies purchase from Corporate Travel"
67.36,"TechCorp Solutions",2025-06-16,"Professional Services","Professional Services purchase from TechCorp Solutions"
90.40,"TechCorp Solutions",2025-12-07,"Equipment","Equipment purchase from TechCorp Solutions"
1479.33,"TechCorp Solutions",2024-10-17,"Transportation","Transportation purchase from TechCorp Solutions"
1830.17,"Metro Transit",2025-10-09,"Utilities","Utilities purchase from Metro Transit"
46.41,"Metro Transit",2025-06-08,"Maintenance","Maintenance purchase from Metro Transit"
50.99,"Metro Transit",2025-05-09,"Meals","Meals purchase from Metro Transit"
107.13,"TechCorp Solutions",2024-02-01,"Consulting","Consulting purchase from TechCorp Solutions"
1002.79,"Professional Services LLC",2024-05-27,"Maintenance","Maintenance purchase from Professional Services LLC"
73.13,"Professional Services LLC",2025-11-18,"Utilities","Utilities purchase from Professional Services LLC"
489.52,"Office Depot",2025-07-23,"Professional Services","Professional Services purchase from Office Depot"
269.60,"ABC Corporation",2025-06-17,"Travel","Travel purchase from ABC Corporation"
149.88,"ABC Corporation",2025-02-10,"Maintenance","Maintenance purchase from ABC Corporation"
28.07,"City Utilities",2025-01-20,"Consulting","Consulting purchase from City Utilities"
24.56,"Professional Services LLC",2025-09-20,"Consulting","Consulting purchase from Professional Services LLC"
30.79,"ABC Corporation",2024-11-21,"Maintenance","Maintenance purchase from ABC Corporation"
3219.30,"Professional Services LLC",2024-03-22,"Meals","Meals purchase from Professional Services LLC"
24.69,"Corporate Travel",2024-05-16,"Equipment","Equipment purchase from Corporate Travel"
4763.12,"Corporate Travel",2024-05-07,"Office Supplies","Office Supplies purchase from Corporate Travel"
16.53,"Express Delivery",2025-10-12,"Equipment","Equipment purchase from Express Delivery"
7430.82,"Premier Catering",2025-09-15,"Consulting","Consulting purchase from Premier Catering"
2000.00,"Fraudulent Patterns Inc",2025-10-07,"Software","Software purchase from Fraudulent Patterns Inc"
13.56,"Premier Catering",2025-08-20,"Software","Software purchase from Premier Catering"
2600.18,"Global Supplies Inc",2025-11-01,"Meals","Meals purchase from Global Supplies Inc"
186.69,"Corporate Travel",2024-07-08,"Equipment","Equipment purchase from Corporate Travel"
355.00,"TechCorp Solutions",2024-10-14,"Consulting","Consulting purchase from TechCorp Solutions"
243.37,"Global Supplies Inc",2025-06-14,"Software","Software purchase from Global Supplies Inc"
439.31,"Standard Equipment",2024-07-12,"Travel","Travel purchase from Standard Equipment"
368.45,"TechCorp Solutions",2025-04-26,"Professional Services","Professional Services purchase from TechCorp Solutions"
875.97,"Professional Services LLC",2025-08-27,"Meals","Meals purchase from Professional Services LLC"
356.22,"City Utilities",2024-11-18,"Consulting","Consulting purchase from City Utilities"
2257.86,"Digital Solutions",2024-08-04,"Equipment","Equipment purchase from Digital Solutions"
203.02,"XYZ Industries",2025-03-26,"Professional Services","Professional Services purchase from XYZ Industries"
2406.05,"Office Depot",2025-09-21,"Transportation","Transportation purchase from Office Depot"
839.89,"Standard Equipment",2025-07-10,"Software","Software purchase from Standard Equipment"
87.67,"TechCorp Solutions",2024-10-27,"Utilities","Utilities purchase from TechCorp Solutions"
8086.37,"Express Delivery",2024-09-09,"Software","Software purchase from Express Delivery"
4714.67,"Metro Transit",2025-08-21,"Travel","Travel purchase from Metro Transit"
115.71,"Quality Supplies",2024-06-04,"Travel","Travel purchase from Quality Supplies"
1912.10,"Digital Solutions",2025-06-14,"Equipment","Equipment purchase from Digital Solutions"
8853.27,"Digital Solutions",2025-12-27,"Professional Services","Professional Services purchase from Digital Solutions"
86.96,"Metro Transit",2024-08-12,"Transportation","Transportation purchase from Metro Transit"
57.85,"Quality Supplies",2025-10-06,"Travel","Travel purchase from Quality Supplies"
68.61,"ABC Corporation",2024-02-01,"Maintenance","Maintenance purchase from ABC Corporation"
5755.08,"Office Depot",2025-10-11,"Consulting","Consulting purchase from Office Depot"
662.54,"TechCorp Solutions",2025-01-20,"Software","Software purchase from TechCorp Solutions"
972.42,"Corporate Travel",2025-08-04,"Equipment","Equipment purchase from Corporate Travel"
16.51,"QuickMart",2024-03-07,"Software","Software purchase from QuickMart"
2531.87,"Quality Supplies",2025-10-30,"Professional Services","Professional Services purchase from Quality Supplies"
5000.00,"Artificial Vendor Co",2024-05-21,"Transportation","Transportation purchase from Artificial Vendor Co"
1406.79,"Standard Equipment",2025-10-02,"Equipment","Equipment purchase from Standard Equipment"
9810.85,"Professional Services LLC",2025-12-23,"Utilities","Utilities purchase from Professional Services LLC"
8033.77,"City Utilities",2025-12-25,"Maintenance","Maintenance purchase from City Utilities"
1124.14,"TechCorp Solutions",2025-04-06,"Software","Software purchase from TechCorp Solutions"
22.28,"ABC Corporation",2024-07-26,"Transportation","Transportation purchase from ABC Corporation"
18.61,"City Utilities",2024-11-30,"Transportation","Transportation purchase from City Utilities"
910.09,"Quality Supplies",2025-12-07,"Travel","Travel purchase from Quality Supplies"
131.23,"Office Depot",2024-08-30,"Utilities","Utilities purchase from Office Depot"
337.67,"ABC Corporation",2025-04-03,"Software","Software purchase from ABC Corporation"
4134.93,"ABC Corporation",2025-06-16,"Software","Software purchase from ABC Corporation"
1680.33,"City Utilities",2025-11-13,"Office Supplies","Office Supplies purchase from City Utilities"
3565.87,"XYZ Industries",2025-10-10,"Professional Services","Professional Services purchase from XYZ Industries"
38.75,"Professional Services LLC",2025-01-21,"Utilities","Utilities purchase from Professional Services LLC"
4354.77,"TechCorp Solutions",2025-09-25,"Meals","Meals purchase from TechCorp Solutions"
1309.04,"Global Supplies Inc",2024-04-11,"Office Supplies","Office Supplies purchase from Global Supplies Inc"
389.91,"QuickMart",2025-05-13,"Office Supplies","Office Supplies purchase from QuickMart"
1140.79,"Metro Transit",2025-10-10,"Equipment","Equipment purchase from Metro Transit"
133.24,"TechCorp Solutions",2026-01-16,"Software","Software purchase from TechCorp Solutions"
189.83,"QuickMart",2025-06-29,"Software","Software purchase from QuickMart"
5933.90,"ABC Corporation",2025-12-29,"Professional Services","Professional Services purchase from ABC Corporation"
541.93,"Professional Services LLC",2025-12-20,"Equipment","Equipment purchase from Professional Services LLC"
3966.22,"Express Delivery",2025-04-20,"Software","Software purchase from Express Delivery"
16.88,"Metro Transit",2025-06-17,"Office Supplies","Office Supplies purchase from Metro Transit"
445.63,"TechCorp Solutions",2024-12-12,"Transportation","Transportation purchase from TechCorp Solutions"
157.83,"Standard Equipment",2024-10-26,"Transportation","Transportation purchase from Standard Equipment"
19.71,"City Utilities",2024-02-09,"Office Supplies","Office Supplies purchase from City Utilities"
4886.06,"Quality Supplies",2024-05-25,"Meals","Meals purchase from Quality Supplies"
2114.39,"Professional Services LLC",2024-03-16,"Software","Software purchase from Professional Services LLC"
5936.30,"Quality Supplies",2025-04-07,"Office Supplies","Office Supplies purchase from Quality Supplies"
157.87,"Digital Solutions",2024-07-13,"Professional Services","Professional Services purchase from Digital Solutions"
2086.32,"Metro Transit",2024-09-23,"Software","Software purchase from Metro Transit"
5288.69,"Standard Equipment",2025-11-29,"Travel","Travel purchase from Standard Equipment"
68.43,"Elite Consulting",2024-06-01,"Utilities","Utilities purchase from Elite Consulting"
2841.65,"Office Depot",2025-01-18,"Transportation","Transportation purchase from Office Depot"
145.71,"City Utilities",2024-05-14,"Equipment","Equipment purchase from City Utilities"
7589.40,"Standard Equipment",2024-08-08,"Software","Software purchase from Standard Equipment"
2385.72,"Quality Supplies",2025-10-26,"Travel","Travel purchase from Quality Supplies"
60.68,"TechCorp Solutions",2024-03-09,"Equipment","Equipment purchase from TechCorp Solutions"
8327.42,"Office Depot",2024-04-18,"Professional Services","Professional Services purchase from Office Depot"
695.84,"Digital Solutions",2024-06-27,"Meals","Meals purchase from Digital Solutions"
9803.37,"Quality Supplies",2025-04-13,"Maintenance","Maintenance purchase from Quality Supplies"
2779.59,"XYZ Industries",2024-12-04,"Transportation","Transportation purchase from XYZ Industries"
2546.35,"Digital Solutions",2025-11-19,"Maintenance","Maintenance purchase from Digital Solutions"
17.88,"Digital Solutions",2025-12-29,"Utilities","Utilities purchase from Digital Solutions"
259.90,"Global Supplies Inc",2024-03-02,"Transportation","Transportation purchase from Global Supplies Inc"
866.52,"XYZ Industries",2025-05-16,"Maintenance","Maintenance purchase from XYZ Industries"
24.76,"Express Delivery",2025-01-17,"Meals","Meals purchase from Express Delivery"
1526.21,"QuickMart",2024-11-14,"Utilities","Utilities purchase from QuickMart"
11.95,"XYZ Industries",2024-06-18,"Office Supplies","Office Supplies purchase from XYZ Industries"
12.72,"Office Depot",2024-06-28,"Meals","Meals purchase from Office Depot"
574.08,"Global Supplies Inc",2025-05-22,"Utilities","Utilities purchase from Global Supplies Inc"
197.83,"Corporate Travel",2024-09-24,"Equipment","Equipment purchase from Corporate Travel"
53.56,"Standard Equipment",2025-04-25,"Consulting","Consulting purchase from Standard Equipment"
35.80,"Elite Consulting",2025-08-27,"Professional Services","Professional Services purchase from Elite Consulting"
41.13,"Office Depot",2025-01-30,"Transportation","Transportation purchase from Office Depot"
59.01,"QuickMart",2024-04-02,"Transportation","Transportation purchase from QuickMart"
232.44,"XYZ Industries",2024-07-12,"Equipment","Equipment purchase from XYZ Industries"
2594.70,"Standard Equipment",2025-10-31,"Software","Software purchase from Standard Equipment"
19.38,"City Utilities",2024-06-07,"Professional Services","Professional Services purchase from City Utilities"
533.45,"Digital Solutions",2024-02-11,"Utilities","Utilities purchase from Digital Solutions"
231.52,"Elite Consulting",2024-04-20,"Office Supplies","Office Supplies purchase from Elite Consulting"
2093.33,"XYZ Industries",2024-09-11,"Professional Services","Professional Services purchase from XYZ Industries"
1276.43,"Professional Services LLC",2025-12-28,"Office Supplies","Office Supplies purchase from Professional Services LLC"
53.75,"TechCorp Solutions",2024-09-19,"Office Supplies","Office Supplies purchase from TechCorp Solutions"
359.18,"ABC Corporation",2024-08-23,"Maintenance","Maintenance purchase from ABC Corporation"
92.86,"ABC Corporation",2025-11-14,"Professional Services","Professional Services purchase from ABC Corporation"
41.15,"Office Depot",2025-09-15,"Maintenance","Maintenance purchase from Office Depot"
172.05,"Professional Services LLC",2024-09-04,"Equipment","Equipment purchase from Professional Services LLC"
2981.86,"Elite Consulting",2025-06-23,"Travel","Travel purchase from Elite Consulting"
10.37,"Quality Supplies",2025-05-27,"Transportation","Transportation purchase from Quality Supplies"
248.63,"Professional Services LLC",2024-09-25,"Professional Services","Professional Services purchase from Professional Services LLC"
276.74,"Premier Catering",2025-05-09,"Equipment","Equipment purchase from Premier Catering"
13.46,"City Utilities",2025-03-18,"Consulting","Consulting purchase from City Utilities"
14.97,"Office Depot",2024-09-19,"Equipment","Equipment purchase from Office Depot"
1090.80,"Professional Services LLC",2024-03-13,"Maintenance","Maintenance purchase from Professional Services LLC"
8101.55,"Professional Services LLC",2025-04-19,"Maintenance","Maintenance purchase from Professional Services LLC"
960.69,"Digital Solutions",2025-10-24,"Utilities","Utilities purchase from Digital Solutions"
48.28,"Digital Solutions",2024-03-27,"Consulting","Consulting purchase from Digital Solutions"
49.42,"Elite Consulting",2025-02-24,"Equipment","Equipment purchase from Elite Consulting"
12.54,"Elite Consulting",2024-10-08,"Meals","Meals purchase from Elite Consulting"
509.14,"QuickMart",2024-07-22,"Consulting","Consulting purchase from QuickMart"
38.38,"Corporate Travel",2024-09-13,"Meals","Meals purchase from Corporate Travel"
755.67,"Metro Transit",2025-12-17,"Transportation","Transportation purchase from Metro Transit"
225.92,"City Utilities",2024-04-08,"Transportation","Transportation purchase from City Utilities"
47.92,"Quality Supplies",2024-10-11,"Meals","Meals purchase from Quality Supplies"
343.23,"ABC Corporation",2024-07-01,"Office Supplies","Office Supplies purchase from ABC Corporation"
541.66,"Office Depot",2025-08-25,"Utilities","Utilities purchase from Office Depot"
8511.03,"Corporate Travel",2025-05-30,"Consulting","Consulting purchase from Corporate Travel"
125.43,"Standard Equipment",2024-10-17,"Office Supplies","Office Supplies purchase from Standard Equipment"
1643.79,"Corporate Travel",2025-03-01,"Travel","Travel purchase from Corporate Travel"
76.56,"QuickMart",2024-05-19,"Transportation","Transportation purchase from QuickMart"
410.92,"Quality Supplies",2024-12-09,"Professional Services","Professional Services purchase from Quality Supplies"
1177.43,"Quality Supplies",2025-09-26,"Consulting","Consulting purchase from Quality Supplies"
38.83,"ABC Corporation",2024-04-12,"Software","Software purchase from ABC Corporation"
13.37,"Professional Services LLC",2025-01-17,"Office Supplies","Office Supplies purchase from Professional Services LLC"
254.81,"Professional Services LLC",2024-03-31,"Utilities","Utilities purchase from Professional Services LLC"
1754.90,"Premier Catering",2025-06-24,"Professional Services","Professional Services purchase from Premier Catering"
9028.06,"QuickMart",2025-12-19,"Utilities","Utilities purchase from QuickMart"
15.11,"XYZ Industries",2024-02-14,"Travel","Travel purchase from XYZ Industries"
5765.41,"QuickMart",2025-11-28,"Equipment","Equipment purchase from QuickMart"
3771.93,"Premier Catering",2026-01-29,"Travel","Travel purchase from Premier Catering"
347.42,"Office Depot",2025-04-18,"Software","Software purchase from Office Depot"
40.01,"Professional Services LLC",2024-12-21,"Office Supplies","Office Supplies purchase from Professional Services LLC"
59.56,"Elite Consulting",2024-02-13,"Professional Services","Professional Services purchase from Elite Consulting"
3994.05,"Premier Catering",2024-11-23,"Office Supplies","Office Supplies purchase from Premier Catering"
134.60,"Corporate Travel",2024-05-08,"Office Supplies","Office Supplies purchase from Corporate Travel"
44.71,"Global Supplies Inc",2024-11-17,"Equipment","Equipment purchase from Global Supplies Inc"
1356.17,"TechCorp Solutions",2025-05-17,"Utilities","Utilities purchase from TechCorp Solutions"
55.65,"Quality Supplies",2026-01-13,"Maintenance","Maintenance purchase from Quality Supplies"
2083.20,"Elite Consulting",2025-02-01,"Travel","Travel purchase from Elite Consulting"
94.02,"Standard Equipment",2024-12-20,"Utilities","Utilities purchase from Standard Equipment"
45.73,"Digital Solutions",2025-10-01,"Consulting","Consulting purchase from Digital Solutions"
16.61,"Standard Equipment",2025-12-31,"Consulting","Consulting purchase from Standard Equipment"
7764.43,"QuickMart",2024-05-08,"Office Supplies","Office Supplies purchase from QuickMart"
294.06,"Corporate Travel",2024-02-03,"Equipment","Equipment purchase from Corporate Travel"
468.57,"Metro Transit",2024-06-08,"Office Supplies","Office Supplies purchase from Metro Transit"
1115.70,"XYZ Industries",2024-07-06,"Travel","Travel purchase from XYZ Industries"
5016.76,"Professional Services LLC",2024-06-03,"Meals","Meals purchase from Professional Services LLC"
1788.39,"Office Depot",2025-09-23,"Equipment","Equipment purchase from Office Depot"
10.65,"Office Depot",2024-11-15,"Equipment","Equipment purchase from Office Depot"
47.38,"Office Depot",2024-10-30,"Travel","Travel purchase from Office Depot"
282.39,"Digital Solutions",2025-11-16,"Utilities","Utilities purchase from Digital Solutions"
8081.69,"TechCorp Solutions",2025-11-10,"Maintenance","Maintenance purchase from TechCorp Solutions"
7943.71,"Office Depot",2024-09-29,"Meals","Meals purchase from Office Depot"
16.77,"Office Depot",2025-05-31,"Utilities","Utilities purchase from Office Depot"
66.42,"Premier Catering",2025-10-01,"Meals","Meals purchase from Premier Catering"
5051.70,"City Utilities",2024-06-23,"Software","Software purchase from City Utilities"
172.41,"Professional Services LLC",2026-01-20,"Meals","Meals purchase from Professional Services LLC"
4966.05,"Metro Transit",2024-07-12,"Equipment","Equipment purchase from Metro Transit"
3384.90,"QuickMart",2024-09-22,"Meals","Meals purchase from QuickMart"
181.60,"TechCorp Solutions",2026-01-26,"Software","Software purchase from TechCorp Solutions"
60.99,"QuickMart",2025-03-24,"Transportation","Transportation purchase from QuickMart"
4700.91,"Metro Transit",2025-09-02,"Equipment","Equipment purchase from Metro Transit"
153.50,"Office Depot",2025-09-17,"Transportation","Transportation purchase from Office Depot"
242.44,"ABC Corporation",2024-10-01,"Software","Software purchase from ABC Corporation"
563.39,"Metro Transit",2024-05-04,"Office Supplies","Office Supplies purchase from Metro Transit"
303.55,"Global Supplies Inc",2025-03-25,"Maintenance","Maintenance purchase from Global Supplies Inc"
28.47,"Premier Catering",2026-01-09,"Office Supplies","Office Supplies purchase from Premier Catering"
1215.38,"Quality Supplies",2025-01-09,"Software","Software purchase from Quality Supplies"
3377.18,"TechCorp Solutions",2024-03-14,"Meals","Meals purchase from TechCorp Solutions"
186.50,"Global Supplies Inc",2025-05-01,"Maintenance","Maintenance purchase from Global Supplies Inc"
1928.81,"Quality Supplies",2024-05-18,"Professional Services","Professional Services purchase from Quality Supplies"
2958.11,"Professional Services LLC",2025-07-06,"Transportation","Transportation purchase from Professional Services LLC"
1047.21,"Express Delivery",2025-06-30,"Maintenance","Maintenance purchase from Express Delivery"
894.14,"XYZ Industries",2024-10-19,"Software","Software purchase from XYZ Industries"
5600.68,"Metro Transit",2025-10-08,"Office Supplies","Office Supplies purchase from Metro Transit"
19.19,"Quality Supplies",2025-12-07,"Consulting","Consulting purchase from Quality Supplies"
206.69,"Express Delivery",2024-08-03,"Office Supplies","Office Supplies purchase from Express Delivery"
163.31,"QuickMart",2024-07-11,"Transportation","Transportation purchase from QuickMart"
8625.34,"XYZ Industries",2025-09-06,"Transportation","Transportation purchase from XYZ Industries"
10.43,"Metro Transit",2025-03-07,"Transportation","Transportation purchase from Metro Transit"
27.55,"Professional Services LLC",2025-06-09,"Professional Services","Professional Services purchase from Professional Services LLC"
3471.94,"Standard Equipment",2024-11-18,"Utilities","Utilities purchase from Standard Equipment"
1302.02,"Elite Consulting",2025-06-09,"Consulting","Consulting purchase from Elite Consulting"
186.84,"Professional Services LLC",2024-10-30,"Software","Software purchase from Professional Services LLC"
6738.22,"Quality Supplies",2025-01-02,"Transportation","Transportation purchase from Quality Supplies"
90.71,"Premier Catering",2024-12-19,"Travel","Travel purchase from Premier Catering"
382.41,"Premier Catering",2024-09-12,"Travel","Travel purchase from Premier Catering"
73.36,"ABC Corporation",2025-07-31,"Professional Services","Professional Services purchase from ABC Corporation"
79.71,"Elite Consulting",2025-04-12,"Consulting","Consulting purchase from Elite Consulting"
1648.71,"QuickMart",2024-09-05,"Professional Services","Professional Services purchase from QuickMart"
18.69,"Elite Consulting",2025-07-26,"Equipment","Equipment purchase from Elite Consulting"
389.35,"ABC Corporation",2025-01-11,"Equipment","Equipment purchase from ABC Corporation"
149.87,"Standard Equipment",2024-10-03,"Software","Software purchase from Standard Equipment"
46.38,"Quality Supplies",2024-11-27,"Consulting","Consulting purchase from Quality Supplies"
86.87,"Express Delivery",2025-08-24,"Software","Software purchase from Express Delivery"
2395.10,"Express Delivery",2024-03-21,"Maintenance","Maintenance purchase from Express Delivery"
2195.96,"Global Supplies Inc",2024-09-28,"Professional Services","Professional Services purchase from Global Supplies Inc"
35.09,"Metro Transit",2024-04-23,"Software","Software purchase from Metro Transit"
13.76,"Office Depot",2025-01-02,"Office Supplies","Office Supplies purchase from Office Depot"
51.40,"Express Delivery",2024-09-14,"Professional Services","Professional Services purchase from Express Delivery"
509.51,"Digital Solutions",2025-01-05,"Consulting","Consulting purchase from Digital Solutions"
194.02,"City Utilities",2024-04-17,"Travel","Travel purchase from City Utilities"
11.81,"Office Depot",2025-06-02,"Travel","Travel purchase from Office Depot"
19.83,"Metro Transit",2024-02-02,"Consulting","Consulting purchase from Metro Transit"
5333.17,"Metro Transit",2024-09-25,"Software","Software purchase from Metro Transit"
1503.17,"Corporate Travel",2025-03-17,"Equipment","Equipment purchase from Corporate Travel"
3471.01,"Standard Equipment",2025-02-22,"Equipment","Equipment purchase from Standard Equipment"
88.48,"Standard Equipment",2024-07-01,"Transportation","Transportation purchase from Standard Equipment"
96.37,"Professional Services LLC",2025-02-16,"Travel","Travel purchase from Professional Services LLC"
262.89,"Standard Equipment",2025-05-25,"Software","Software purchase from Standard Equipment"
277.71,"Global Supplies Inc",2024-11-02,"Utilities","Utilities purchase from Global Supplies Inc"
57.90,"Office Depot",2025-09-24,"Transportation","Transportation purchase from Office Depot"
10.85,"Elite Consulting",2025-12-28,"Utilities","Utilities purchase from Elite Consulting"
41.26,"XYZ Industries",2024-10-07,"Office Supplies","Office Supplies purchase from XYZ Industries"
42.15,"Office Depot",2025-05-18,"Consulting","Consulting purchase from Office Depot"
1236.69,"XYZ Industries",2025-04-03,"Maintenance","Maintenance purchase from XYZ Industries"
5469.44,"Premier Catering",2025-01-19,"Transportation","Transportation purchase from Premier Catering"
59.99,"Corporate Travel",2024-03-24,"Professional Services","Professional Services purchase from Corporate Travel"
80.84,"Metro Transit",2025-08-13,"Maintenance","Maintenance purchase from Metro Transit"
696.96,"Express Delivery",2025-10-26,"Software","Software purchase from Express Delivery"
364.54,"Professional Services LLC",2024-07-17,"Software","Software purchase from Professional Services LLC"
4230.23,"ABC Corporation",2024-05-14,"Transportation","Transportation purchase from ABC Corporation"
14.92,"Elite Consulting",2024-11-03,"Transportation","Transportation purchase from Elite Consulting"
22.67,"Elite Consulting",2025-06-15,"Software","Software purchase from Elite Consulting"
540.09,"Global Supplies Inc",2025-05-28,"Meals","Meals purchase from Global Supplies Inc"
371.95,"Express Delivery",2024-06-27,"Professional Services","Professional Services purchase from Express Delivery"
6017.71,"Express Delivery",2025-04-18,"Maintenance","Maintenance purchase from Express Delivery"
966.86,"QuickMart",2025-08-17,"Software","Software purchase from QuickMart"
3097.41,"Quality Supplies",2025-09-07,"Transportation","Transportation purchase from Quality Supplies"
100.05,"ABC Corporation",2024-02-04,"Consulting","Consulting purchase from ABC Corporation"
253.71,"City Utilities",2024-04-02,"Equipment","Equipment purchase from City Utilities"
605.82,"Premier Catering",2024-04-08,"Utilities","Utilities purchase from Premier Catering"
287.39,"Global Supplies Inc",2024-07-28,"Consulting","Consulting purchase from Global Supplies Inc"
28.37,"Elite Consulting",2024-02-27,"Meals","Meals purchase from Elite Consulting"
1351.25,"Professional Services LLC",2025-05-27,"Equipment","Equipment purchase from Professional Services LLC"
80.91,"Metro Transit",2025-04-06,"Professional Services","Professional Services purchase from Metro Transit"
187.30,"Office Depot",2025-12-18,"Professional Services","Professional Services purchase from Office Depot"
89.46,"City Utilities",2024-10-10,"Office Supplies","Office Supplies purchase from City Utilities"
188.06,"TechCorp Solutions",2025-06-08,"Transportation","Transportation purchase from TechCorp Solutions"
1729.77,"Office Depot",2025-04-17,"Travel","Travel purchase from Office Depot"
3746.75,"QuickMart",2025-02-28,"Meals","Meals purchase from QuickMart"
787.10,"Elite Consulting",2025-05-25,"Professional Services","Professional Services purchase from Elite Consulting"
1428.59,"Professional Services LLC",2024-03-19,"Meals","Meals purchase from Professional Services LLC"
21.59,"Digital Solutions",2024-10-24,"Office Supplies","Office Supplies purchase from Digital Solutions"
473.03,"ABC Corporation",2025-02-10,"Software","Software purchase from ABC Corporation"
39.45,"Standard Equipment",2024-05-15,"Consulting","Consulting purchase from Standard Equipment"
218.20,"Elite Consulting",2025-10-17,"Consulting","Consulting purchase from Elite Consulting"
65.76,"Standard Equipment",2024-02-12,"Transportation","Transportation purchase from Standard Equipment"
602.23,"City Utilities",2025-05-25,"Office Supplies","Office Supplies purchase from City Utilities"
203.69,"Standard Equipment",2025-05-26,"Utilities","Utilities purchase from Standard Equipment"
34.33,"Professional Services LLC",2024-06-03,"Consulting","Consulting purchase from Professional Services LLC"
327.48,"Quality Supplies",2024-06-13,"Office Supplies","Office Supplies purchase from Quality Supplies"
2596.40,"Standard Equipment",2025-09-07,"Meals","Meals purchase from Standard Equipment"
579.29,"Office Depot",2025-08-27,"Professional Services","Professional Services purchase from Office Depot"
11.89,"ABC Corporation",2025-01-09,"Utilities","Utilities purchase from ABC Corporation"
86.43,"ABC Corporation",2025-05-23,"Utilities","Utilities purchase from ABC Corporation"
4653.16,"QuickMart",2024-02-07,"Equipment","Equipment purchase from QuickMart"
2464.48,"Professional Services LLC",2025-06-24,"Software","Software purchase from Professional Services LLC"
7422.78,"Quality Supplies",2025-03-29,"Equipment","Equipment purchase from Quality Supplies"
21.19,"QuickMart",2024-07-04,"Travel","Travel purchase from QuickMart"
656.91,"Corporate Travel",2024-04-15,"Travel","Travel purchase from Corporate Travel"
8769.26,"XYZ Industries",2025-01-25,"Transportation","Transportation purchase from XYZ Industries"
38.23,"Metro Transit",2024-11-13,"Software","Software purchase from Metro Transit"
3595.56,"Quality Supplies",2025-08-31,"Maintenance","Maintenance purchase from Quality Supplies"
6429.09,"Office Depot",2024-03-12,"Travel","Travel purchase from Office Depot"
22.45,"Professional Services LLC",2024-04-24,"Equipment","Equipment purchase from Professional Services LLC"
8294.63,"Premier Catering",2025-10-11,"Consulting","Consulting purchase from Premier Catering"
71.81,"Quality Supplies",2024-07-29,"Consulting","Consulting purchase from Quality Supplies"
53.15,"TechCorp Solutions",2025-04-23,"Equipment","Equipment purchase from TechCorp Solutions"
661.61,"City Utilities",2024-09-18,"Software","Software purchase from City Utilities"
1163.19,"City Utilities",2025-09-05,"Equipment","Equipment purchase from City Utilities"
82.29,"Elite Consulting",2026-01-05,"Travel","Travel purchase from Elite Consulting"
203.01,"Professional Services LLC",2025-11-25,"Software","Software purchase from Professional Services LLC"
12.32,"Professional Services LLC",2024-09-27,"Equipment","Equipment purchase from Professional Services LLC"
295.97,"City Utilities",2024-04-06,"Consulting","Consulting purchase from City Utilities"
636.87,"Professional Services LLC",2025-06-01,"Meals","Meals purchase from Professional Services LLC"
45.39,"Quality Supplies",2025-05-01,"Utilities","Utilities purchase from Quality Supplies"
1648.20,"Elite Consulting",2024-06-22,"Meals","Meals purchase from Elite Consulting"
112.27,"ABC Corporation",2025-07-29,"Transportation","Transportation purchase from ABC Corporation"
420.76,"Metro Transit",2024-03-01,"Professional Services","Professional Services purchase from Metro Transit"
26.96,"TechCorp Solutions",2025-12-02,"Travel","Travel purchase from TechCorp Solutions"
19.96,"XYZ Industries",2024-09-04,"Office Supplies","Office Supplies purchase from XYZ Industries"
68.92,"Digital Solutions",2024-07-17,"Equipment","Equipment purchase from Digital Solutions"
5185.49,"Elite Consulting",2024-02-02,"Maintenance","Maintenance purchase from Elite Consulting"
76.35,"Metro Transit",2024-12-10,"Equipment","Equipment purchase from Metro Transit"
226.21,"QuickMart",2025-03-18,"Utilities","Utilities purchase from QuickMart"
156.44,"TechCorp Solutions",2025-03-14,"Software","Software purchase from TechCorp Solutions"
170.55,"Elite Consulting",2024-05-16,"Utilities","Utilities purchase from Elite Consulting"
129.80,"Office Depot",2024-06-22,"Utilities","Utilities purchase from Office Depot"
317.87,"Quality Supplies",2024-08-17,"Software","Software purchase from Quality Supplies"
2799.04,"ABC Corporation",2025-07-09,"Meals","Meals purchase from ABC Corporation"
11.82,"Express Delivery",2024-04-03,"Maintenance","Maintenance purchase from Express Delivery"
33.76,"Digital Solutions",2025-04-07,"Office Supplies","Office Supplies purchase from Digital Solutions"
71.66,"TechCorp Solutions",2025-09-19,"Maintenance","Maintenance purchase from TechCorp Solutions"
1938.29,"Global Supplies Inc",2025-11-15,"Travel","Travel purchase from Global Supplies Inc"
441.07,"QuickMart",2024-05-19,"Meals","Meals purchase from QuickMart"
24.89,"Premier Catering",2025-01-19,"Software","Software purchase from Premier Catering"
29.43,"Corporate Travel",2025-10-18,"Maintenance","Maintenance purchase from Corporate Travel"
310.48,"Global Supplies Inc",2024-09-18,"Consulting","Consulting purchase from Global Supplies Inc"
13.06,"Metro Transit",2025-11-20,"Consulting","Consulting purchase from Metro Transit"
3570.77,"Professional Services LLC",2024-05-31,"Utilities","Utilities purchase from Professional Services LLC"
142.03,"XYZ Industries",2024-09-01,"Transportation","Transportation purchase from XYZ Industries"
5916.42,"Elite Consulting",2025-02-22,"Consulting","Consulting purchase from Elite Consulting"
263.35,"ABC Corporation",2024-06-22,"Software","Software purchase from ABC Corporation"
4894.22,"Premier Catering",2025-01-26,"Software","Software purchase from Premier Catering"
100.60,"Express Delivery",2025-09-22,"Travel","Travel purchase from Express Delivery"
1837.51,"Standard Equipment",2024-06-03,"Travel","Travel purchase from Standard Equipment"
2381.31,"Express Delivery",2025-10-31,"Equipment","Equipment purchase from Express Delivery"
6298.46,"Corporate Travel",2024-05-17,"Transportation","Transportation purchase from Corporate Travel"
71.03,"Corporate Travel",2024-05-31,"Meals","Meals purchase from Corporate Travel"
3123.88,"Elite Consulting",2024-06-04,"Consulting","Consulting purchase from Elite Consulting"
302.87,"ABC Corporation",2025-05-20,"Meals","Meals purchase from ABC Corporation"
1896.10,"Global Supplies Inc",2024-06-14,"Equipment","Equipment purchase from Global Supplies Inc"
55.58,"Elite Consulting",2024-04-13,"Travel","Travel purchase from Elite Consulting"
935.87,"Office Depot",2025-05-16,"Utilities","Utilities purchase from Office Depot"
10.56,"Corporate Travel",2024-04-12,"Office Supplies","Office Supplies purchase from Corporate Travel"
235.35,"City Utilities",2025-07-07,"Travel","Travel purchase from City Utilities"
4006.40,"ABC Corporation",2025-03-28,"Software","Software purchase from ABC Corporation"
200.78,"Quality Supplies",2025-09-15,"Office Supplies","Office Supplies purchase from Quality Supplies"
342.86,"Metro Transit",2025-11-18,"Equipment","Equipment purchase from Metro Transit"
330.66,"Office Depot",2024-04-08,"Maintenance","Maintenance purchase from Office Depot"
55.75,"Standard Equipment",2024-03-05,"Software","Software purchase from Standard Equipment"
9052.25,"TechCorp Solutions",2024-03-08,"Software","Software purchase from TechCorp Solutions"
781.12,"TechCorp Solutions",2025-11-27,"Equipment","Equipment purchase from TechCorp Solutions"
11.94,"Professional Services LLC",2025-01-26,"Consulting","Consulting purchase from Professional Services LLC"
7567.10,"Global Supplies Inc",2025-10-30,"Software","Software purchase from Global Supplies Inc"
156.54,"Standard Equipment",2025-12-07,"Maintenance","Maintenance purchase from Standard Equipment"
3711.66,"Corporate Travel",2024-05-04,"Transportation","Transportation purchase from Corporate Travel"
2612.66,"Corporate Travel",2024-10-06,"Meals","Meals purchase from Corporate Travel"
81.68,"Global Supplies Inc",2025-06-01,"Professional Services","Professional Services purchase from Global Supplies Inc"
59.26,"QuickMart",2024-11-06,"Software","Software purchase from QuickMart"
943.31,"QuickMart",2025-10-10,"Transportation","Transportation purchase from QuickMart"
15.33,"Office Depot",2024-03-12,"Utilities","Utilities purchase from Office Depot"
3499.73,"XYZ Industries",2025-12-10,"Equipment","Equipment purchase from XYZ Industries"
2207.51,"Global Supplies Inc",2024-08-04,"Travel","Travel purchase from Global Supplies Inc"
444.40,"Elite Consulting",2024-10-09,"Consulting","Consulting purchase from Elite Consulting"
161.36,"Corporate Travel",2024-06-05,"Consulting","Consulting purchase from Corporate Travel"
62.12,"Digital Solutions",2025-01-08,"Utilities","Utilities purchase from Digital Solutions"
10.70,"Digital Solutions",2024-05-21,"Office Supplies","Office Supplies purchase from Digital Solutions"
133.77,"Metro Transit",2026-01-23,"Maintenance","Maintenance purchase from Metro Transit"
61.50,"Office Depot",2024-10-28,"Professional Services","Professional Services purchase from Office Depot"
7919.25,"ABC Corporation",2025-11-28,"Travel","Travel purchase from ABC Corporation"
9471.75,"XYZ Industries",2025-07-26,"Meals","Meals purchase from XYZ Industries"
432.08,"QuickMart",2024-02-12,"Equipment","Equipment purchase from QuickMart"
21.38,"Premier Catering",2024-08-07,"Meals","Meals purchase from Premier Catering"
1157.15,"Express Delivery",2024-03-22,"Equipment","Equipment purchase from Express Delivery"
39.74,"QuickMart",2025-06-20,"Utilities","Utilities purchase from QuickMart"
110.87,"Express Delivery",2024-06-15,"Travel","Travel purchase from Express Delivery"
697.40,"ABC Corporation",2024-07-24,"Professional Services","Professional Services purchase from ABC Corporation"
3188.14,"Professional Services LLC",2025-01-10,"Transportation","Transportation purchase from Professional Services LLC"
332.87,"Express Delivery",2025-02-11,"Meals","Meals purchase from Express Delivery"
60.64,"Premier Catering",2025-12-09,"Office Supplies","Office Supplies purchase from Premier Catering"
641.01,"QuickMart",2025-04-14,"Software","Software purchase from QuickMart"
1647.33,"City Utilities",2025-01-24,"Software","Software purchase from City Utilities"
40.86,"Quality Supplies",2024-10-01,"Transportation","Transportation purchase from Quality Supplies"
22.29,"Corporate Travel",2026-01-30,"Meals","Meals purchase from Corporate Travel"
106.44,"ABC Corporation",2025-04-14,"Transportation","Transportation purchase from ABC Corporation"
7422.15,"QuickMart",2024-03-21,"Meals","Meals purchase from QuickMart"
8151.09,"Quality Supplies",2025-01-14,"Software","Software purchase from Quality Supplies"
10.44,"Express Delivery",2024-06-24,"Meals","Meals purchase from Express Delivery"
584.16,"Standard Equipment",2024-06-14,"Meals","Meals purchase from Standard Equipment"
8637.22,"Quality Supplies",2025-07-16,"Utilities","Utilities purchase from Quality Supplies"
43.45,"Quality Supplies",2024-04-06,"Office Supplies","Office Supplies purchase from Quality Supplies"
38.99,"Office Depot",2024-09-21,"Office Supplies","Office Supplies purchase from Office Depot"
553.57,"Professional Services LLC",2025-12-16,"Utilities","Utilities purchase from Professional Services LLC"
4085.62,"Premier Catering",2025-11-10,"Equipment","Equipment purchase from Premier Catering"
137.07,"TechCorp Solutions",2024-10-12,"Software","Software purchase from TechCorp Solutions"
258.26,"TechCorp Solutions",2024-06-08,"Equipment","Equipment purchase from TechCorp Solutions"
18.43,"ABC Corporation",2024-11-15,"Consulting","Consulting purchase from ABC Corporation"
44.48,"Metro Transit",2025-12-06,"Software","Software purchase from Metro Transit"
108.08,"XYZ Industries",2024-07-25,"Travel","Travel purchase from XYZ Industries"
2068.06,"Global Supplies Inc",2026-01-12,"Travel","Travel purchase from Global Supplies Inc"
3150.12,"Express Delivery",2025-04-18,"Utilities","Utilities purchase from Express Delivery"
1298.04,"TechCorp Solutions",2024-04-27,"Office Supplies","Office Supplies purchase from TechCorp Solutions"
1568.95,"Digital Solutions",2024-12-16,"Office Supplies","Office Supplies purchase from Digital Solutions"
15.55,"Standard Equipment",2024-10-11,"Office Supplies","Office Supplies purchase from Standard Equipment"
9698.90,"Office Depot",2024-10-06,"Travel","Travel purchase from Office Depot"
162.94,"Express Delivery",2024-10-18,"Office Supplies","Office Supplies purchase from Express Delivery"
5145.92,"City Utilities",2025-09-26,"Software","Software purchase from City Utilities"
1592.57,"Metro Transit",2025-03-17,"Maintenance","Maintenance purchase from Metro Transit"
148.22,"TechCorp Solutions",2024-05-25,"Consulting","Consulting purchase from TechCorp Solutions"
461.43,"Global Supplies Inc",2024-03-11,"Professional Services","Professional Services purchase from Global Supplies Inc"
4506.56,"Metro Transit",2024-07-11,"Consulting","Consulting purchase from Metro Transit"
3764.42,"Express Delivery",2025-03-26,"Consulting","Consulting purchase from Express Delivery"
336.89,"Premier Catering",2025-12-06,"Travel","Travel purchase from Premier Catering"
102.08,"Global Supplies Inc",2025-09-28,"Office Supplies","Office Supplies purchase from Global Supplies Inc"
193.56,"Professional Services LLC",2025-10-29,"Equipment","Equipment purchase from Professional Services LLC"
5223.07,"Elite Consulting",2024-04-02,"Consulting","Consulting purchase from Elite Consulting"
43.89,"XYZ Industries",2025-03-11,"Travel","Travel purchase from XYZ Industries"
632.55,"Professional Services LLC",2025-09-25,"Professional Services","Professional Services purchase from Professional Services LLC"
24.01,"XYZ Industries",2024-03-10,"Professional Services","Professional Services purchase from XYZ Industries"
1531.79,"Professional Services LLC",2024-07-18,"Maintenance","Maintenance purchase from Professional Services LLC"
20.30,"Office Depot",2026-01-30,"Consulting","Consulting purchase from Office Depot"
14.61,"Digital Solutions",2024-10-16,"Equipment","Equipment purchase from Digital Solutions"
64.81,"TechCorp Solutions",2025-07-12,"Equipment","Equipment purchase from TechCorp Solutions"
2549.86,"XYZ Industries",2025-11-05,"Equipment","Equipment purchase from XYZ Industries"
192.96,"Elite Consulting",2024-08-26,"Consulting","Consulting purchase from Elite Consulting"
77.69,"Premier Catering",2024-11-11,"Equipment","Equipment purchase from Premier Catering"
552.86,"ABC Corporation",2024-10-17,"Professional Services","Professional Services purchase from ABC Corporation"
667.87,"ABC Corporation",2024-06-02,"Consulting","Consulting purchase from ABC Corporation"
5288.56,"Elite Consulting",2024-02-25,"Travel","Travel purchase from Elite Consulting"
17.71,"QuickMart",2025-03-05,"Software","Software purchase from QuickMart"
10.66,"Elite Consulting",2024-12-18,"Transportation","Transportation purchase from Elite Consulting"
167.15,"Office Depot",2024-04-01,"Transportation","Transportation purchase from Office Depot"
6991.85,"Elite Consulting",2025-05-26,"Travel","Travel purchase from Elite Consulting"
802.82,"Elite Consulting",2025-01-27,"Consulting","Consulting purchase from Elite Consulting"
45.32,"Corporate Travel",2025-05-28,"Travel","Travel purchase from Corporate Travel"
6465.64,"QuickMart",2024-04-29,"Travel","Travel purchase from QuickMart"
76.56,"XYZ Industries",2024-03-16,"Meals","Meals purchase from XYZ Industries"
707.24,"Digital Solutions",2024-06-15,"Office Supplies","Office Supplies purchase from Digital Solutions"
1059.24,"Premier Catering",2025-10-31,"Consulting","Consulting purchase from Premier Catering"
3858.65,"Metro Transit",2025-01-26,"Travel","Travel purchase from Metro Transit"
32.92,"ABC Corporation",2025-01-05,"Consulting","Consulting purchase from ABC Corporation"
6007.04,"Metro Transit",2025-03-29,"Office Supplies","Office Supplies purchase from Metro Transit"
2053.41,"TechCorp Solutions",2024-09-03,"Meals","Meals purchase from TechCorp Solutions"
3816.54,"Premier Catering",2025-11-18,"Meals","Meals purchase from Premier Catering"
38.32,"XYZ Industries",2024-07-06,"Transportation","Transportation purchase from XYZ Industries"
1706.04,"ABC Corporation",2024-11-25,"Office Supplies","Office Supplies purchase from ABC Corporation"
20.36,"Global Supplies Inc",2024-09-14,"Office Supplies","Office Supplies purchase from Global Supplies Inc"
2612.32,"Express Delivery",2025-10-14,"Maintenance","Maintenance purchase from Express Delivery"
2243.18,"Global Supplies Inc",2024-05-02,"Consulting","Consulting purchase from Global Supplies Inc"
52.58,"Global Supplies Inc",2025-02-24,"Consulting","Consulting purchase from Global Supplies Inc"
9852.95,"Express Delivery",2025-02-24,"Software","Software purchase from Express Delivery"
178.42,"ABC Corporation",2024-12-03,"Transportation","Transportation purchase from ABC Corporation"
727.75,"Express Delivery",2024-04-02,"Software","Software purchase from Express Delivery"
17.92,"ABC Corporation",2024-10-26,"Transportation","Transportation purchase from ABC Corporation"
2951.39,"Global Supplies Inc",2025-09-01,"Travel","Travel purchase from Global Supplies Inc"
24.09,"Professional Services LLC",2025-10-15,"Transportation","Transportation purchase from Professional Services LLC"
134.94,"Elite Consulting",2024-04-08,"Transportation","Transportation purchase from Elite Consulting"
1673.93,"Quality Supplies",2025-07-21,"Equipment","Equipment purchase from Quality Supplies"
2860.67,"Premier Catering",2024-03-15,"Software","Software purchase from Premier Catering"
6907.17,"XYZ Industries",2024-11-22,"Software","Software purchase from XYZ Industries"
5481.49,"Standard Equipment",2024-11-29,"Meals","Meals purchase from Standard Equipment"
9864.92,"Metro Transit",2024-06-23,"Software","Software purchase from Metro Transit"
226.32,"Standard Equipment",2025-03-22,"Transportation","Transportation purchase from Standard Equipment"
9377.40,"Elite Consulting",2024-04-22,"Consulting","Consulting purchase from Elite Consulting"
315.76,"Metro Transit",2024-04-03,"Maintenance","Maintenance purchase from Metro Transit"
1643.45,"Standard Equipment",2026-01-13,"Software","Software purchase from Standard Equipment"
16.19,"Premier Catering",2024-10-25,"Software","Software purchase from Premier Catering"
34.85,"Elite Consulting",2024-03-25,"Office Supplies","Office Supplies purchase from Elite Consulting"
4288.37,"Digital Solutions",2024-11-27,"Utilities","Utilities purchase from Digital Solutions"
155.66,"Premier Catering",2024-12-22,"Transportation","Transportation purchase from Premier Catering"
17.67,"Corporate Travel",2025-01-14,"Meals","Meals purchase from Corporate Travel"
6881.56,"Digital Solutions",2026-01-18,"Professional Services","Professional Services purchase from Digital Solutions"
1790.28,"ABC Corporation",2025-07-03,"Professional Services","Professional Services purchase from ABC Corporation"
1982.25,"Metro Transit",2024-07-21,"Travel","Travel purchase from Metro Transit"
256.16,"Office Depot",2024-08-29,"Consulting","Consulting purchase from Office Depot"
1163.35,"Digital Solutions",2025-07-12,"Software","Software purchase from Digital Solutions"
7460.60,"Express Delivery",2025-04-11,"Utilities","Utilities purchase from Express Delivery"
319.76,"Office Depot",2025-02-20,"Equipment","Equipment purchase from Office Depot"
3570.12,"Digital Solutions",2025-05-10,"Software","Software purchase from Digital Solutions"
24.75,"City Utilities",2025-12-24,"Transportation","Transportation purchase from City Utilities"
44.07,"TechCorp Solutions",2025-02-08,"Travel","Travel purchase from TechCorp Solutions"
45.67,"Express Delivery",2024-05-23,"Consulting","Consulting purchase from Express Delivery"
124.87,"XYZ Industries",2024-04-29,"Professional Services","Professional Services purchase from XYZ Industries"
8875.03,"ABC Corporation",2025-01-12,"Transportation","Transportation purchase from ABC Corporation"
49.72,"XYZ Industries",2025-03-29,"Consulting","Consulting purchase from XYZ Industries"
27.26,"Quality Supplies",2024-03-29,"Utilities","Utilities purchase from Quality Supplies"
52.43,"Express Delivery",2025-04-02,"Equipment","Equipment purchase from Express Delivery"
1660.04,"Premier Catering",2024-11-06,"Meals","Meals purchase from Premier Catering"
7840.88,"Standard Equipment",2025-09-21,"Software","Software purchase from Standard Equipment"
4867.64,"Corporate Travel",2025-12-22,"Office Supplies","Office Supplies purchase from Corporate Travel"
32.92,"Digital Solutions",2025-12-24,"Software","Software purchase from Digital Solutions"
2854.96,"Metro Transit",2025-08-28,"Utilities","Utilities purchase from Metro Transit"
33.26,"Corporate Travel",2025-02-20,"Travel","Travel purchase from Corporate Travel"
24.05,"City Utilities",2025-05-30,"Utilities","Utilities purchase from City Utilities"
2855.04,"XYZ Industries",2024-11-09,"Travel","Travel purchase from XYZ Industries"
2995.77,"Global Supplies Inc",2024-12-19,"Software","Software purchase from Global Supplies Inc"
18.12,"Metro Transit",2024-10-03,"Meals","Meals purchase from Metro Transit"
86.75,"Professional Services LLC",2026-01-19,"Professional Services","Professional Services purchase from Professional Services LLC"
28.74,"Global Supplies Inc",2024-07-29,"Software","Software purchase from Global Supplies Inc"
22.16,"XYZ Industries",2026-01-18,"Meals","Meals purchase from XYZ Industries"
237.38,"Premier Catering",2025-01-06,"Maintenance","Maintenance purchase from Premier Catering"
348.81,"Express Delivery",2025-06-09,"Maintenance","Maintenance purchase from Express Delivery"
22.93,"TechCorp Solutions",2025-08-23,"Equipment","Equipment purchase from TechCorp Solutions"
233.48,"Standard Equipment",2025-04-29,"Consulting","Consulting purchase from Standard Equipment"
157.44,"Premier Catering",2025-12-30,"Professional Services","Professional Services purchase from Premier Catering"
21.02,"Office Depot",2026-01-29,"Maintenance","Maintenance purchase from Office Depot"
1838.39,"Global Supplies Inc",2024-12-11,"Utilities","Utilities purchase from Global Supplies Inc"
961.68,"Premier Catering",2024-12-01,"Meals","Meals purchase from Premier Catering"
1300.47,"City Utilities",2025-04-15,"Consulting","Consulting purchase from City Utilities"
2227.22,"TechCorp Solutions",2025-06-21,"Equipment","Equipment purchase from TechCorp Solutions"
501.88,"Quality Supplies",2025-03-11,"Consulting","Consulting purchase from Quality Supplies"
545.11,"Professional Services LLC",2024-11-20,"Travel","Travel purchase from Professional Services LLC"
12.96,"TechCorp Solutions",2024-08-08,"Transportation","Transportation purchase from TechCorp Solutions"
439.33,"Professional Services LLC",2024-02-26,"Maintenance","Maintenance purchase from Professional Services LLC"
1769.62,"ABC Corporation",2024-09-08,"Consulting","Consulting purchase from ABC Corporation"
1352.67,"Premier Catering",2025-12-11,"Equipment","Equipment purchase from Premier Catering"
1963.27,"Quality Supplies",2024-08-25,"Transportation","Transportation purchase from Quality Supplies"
4649.66,"Elite Consulting",2025-07-04,"Software","Software purchase from Elite Consulting"
15.14,"Metro Transit",2024-02-26,"Office Supplies","Office Supplies purchase from Metro Transit"
14.06,"Corporate Travel",2025-10-05,"Utilities","Utilities purchase from Corporate Travel"
232.40,"QuickMart",2024-03-02,"Software","Software purchase from QuickMart"
23.07,"Professional Services LLC",2024-05-04,"Office Supplies","Office Supplies purchase from Professional Services LLC"
636.66,"Elite Consulting",2025-12-27,"Transportation","Transportation purchase from Elite Consulting"
8633.16,"Global Supplies Inc",2025-01-06,"Software","Software purchase from Global Supplies Inc"
3710.61,"ABC Corporation",2025-07-27,"Meals","Meals purchase from ABC Corporation"
6959.78,"Corporate Travel",2024-07-15,"Office Supplies","Office Supplies purchase from Corporate Travel"
49.17,"Professional Services LLC",2025-06-06,"Consulting","Consulting purchase from Professional Services LLC"
3026.63,"QuickMart",2024-06-05,"Equipment","Equipment purchase from QuickMart"
113.25,"Metro Transit",2025-02-22,"Equipment","Equipment purchase from Metro Transit"
212.31,"Office Depot",2025-11-14,"Travel","Travel purchase from Office Depot"
9460.62,"Premier Catering",2025-06-24,"Meals","Meals purchase from Premier Catering"
84.53,"Corporate Travel",2025-11-25,"Transportation","Transportation purchase from Corporate Travel"
96.48,"ABC Corporation",2025-04-09,"Consulting","Consulting purchase from ABC Corporation"
505.15,"City Utilities",2025-02-28,"Meals","Meals purchase from City Utilities"
16.87,"Express Delivery",2024-12-16,"Meals","Meals purchase from Express Delivery"